spatial_entity,slice_count
http://purl.org/ccf/1.5/5da49155-dbd4-41e8-8e5e-ecab4a201909,26
http://purl.org/ccf/1.5/87d9cdca-90fb-4331-8747-d363f5b6d159,26
http://purl.org/ccf/1.5/ce89e266-8b52-4c3c-be02-70a430a94212,26
http://purl.org/ccf/1.5/000408ff-5c1a-4f08-9565-9175e32c47ac,26
http://purl.org/ccf/1.5/1a9eb7e1-307f-4bd0-ab76-4ad5ccf04bca,26
http://purl.org/ccf/1.5/2d70c7f6-29a6-4288-9f33-1501f8affac7,26
http://purl.org/ccf/1.5/3a89d448-e33c-4793-ae5e-ada736fdf146,26
http://purl.org/ccf/1.5/59679392-2f09-460c-b069-ef7f068f5216,26
http://purl.org/ccf/1.5/7c1ad5fb-70b6-48af-bd2c-f1894486b89c,26
http://purl.org/ccf/1.5/82572eb0-a95a-4a29-88d3-98c53fa565b9,26
http://purl.org/ccf/1.5/8bd45b58-8927-448a-ad3e-3c9853bc339a,26
http://purl.org/ccf/1.5/9e569bdb-0948-48ae-88d8-c21161ce3d65,26
http://purl.org/ccf/1.5/a9085ced-81aa-475b-8fc5-b323893773d1,26
http://purl.org/ccf/1.5/b3b033d7-e374-4940-8f9b-b6577aa2cfe6,26
http://purl.org/ccf/1.5/c4a86f58-31ab-45db-85a5-0decbf477867,26
http://purl.org/ccf/1.5/cb9a0526-2789-4e36-9fd9-cb4672f75394,26
http://purl.org/ccf/1.5/cffcc4f0-afc5-4a72-9f25-db27ed42496e,26
http://purl.org/ccf/1.5/d406c607-1b1e-418d-a1f3-209e22736e9e,26
http://purl.org/ccf/1.5/016b60da-082b-4a09-be6e-00e9df5c6f4e,26
http://purl.org/ccf/1.5/050814f8-c2ee-4686-99a0-b58ab08d13cf,26
http://purl.org/ccf/1.5/1ba5405a-acbc-4496-8645-58684ee27f7e,26
http://purl.org/ccf/1.5/25033459-16ce-4e6f-95db-c710754887c6,26
http://purl.org/ccf/1.5/26087899-e4af-47fb-aae5-60d1a35dc813,26
http://purl.org/ccf/1.5/29fdd6e1-e463-4db7-a321-463d738dd894,26
http://purl.org/ccf/1.5/2a9ce615-14b5-4c8b-8434-cd8caae0d205,26
http://purl.org/ccf/1.5/2b84ce9c-da3b-4e72-ac08-026e2b92998d,26
http://purl.org/ccf/1.5/2cf2c69a-dac8-43bc-9070-465a03a6bffe,26
http://purl.org/ccf/1.5/3a3017c2-a21a-40a1-9e04-ba5e935b45ab,26
http://purl.org/ccf/1.5/59867860-9efb-4b03-9405-802bd852e351,26
http://purl.org/ccf/1.5/5cd8717a-ce95-49cb-85ef-8242a173d7cf,26
http://purl.org/ccf/1.5/64453dbf-65eb-455a-a3b1-a34cd33a4b7c,26
http://purl.org/ccf/1.5/65af5b1a-e54a-4ec4-bce0-176a5ecad7b6,26
http://purl.org/ccf/1.5/6d70a358-f794-4743-9e7d-2390b1b52a53,26
http://purl.org/ccf/1.5/76bd10bf-4aba-4fb8-9421-1fdc1e7e3581,26
http://purl.org/ccf/1.5/86fd8b93-93a4-4511-825b-34e8ea146a4b,26
http://purl.org/ccf/1.5/8ddd44c4-c431-4eaf-82f1-05c62c7b6d95,26
http://purl.org/ccf/1.5/8f5650d6-be4d-44b0-85aa-fe0cc024f6aa,26
http://purl.org/ccf/1.5/9c727433-06f1-4e16-8763-0a7bcca1a306,26
http://purl.org/ccf/1.5/aae6ffc8-d890-48d7-a07e-8e6201d46bd2,26
http://purl.org/ccf/1.5/ad099bf6-7d45-4ede-bf07-b8a34a81365e,26
http://purl.org/ccf/1.5/b1c840c9-4f96-4d2c-8471-f5c2ed64b4e4,26
http://purl.org/ccf/1.5/c188aecd-2512-4139-912c-c1d37fb6e0ae,26
http://purl.org/ccf/1.5/c4c64ddf-81b9-4866-a01e-c946408a8b42,26
http://purl.org/ccf/1.5/cc646c7f-4db7-459e-a859-cc056a4208d5,26
http://purl.org/ccf/1.5/ce334137-4bd9-40d7-9334-46fdf255198f,26
http://purl.org/ccf/1.5/d6f2b6b5-332a-40f6-a28a-81cc10f925c3,26
http://purl.org/ccf/1.5/d951bc03-9a31-4519-892b-ce67c54e8613,26
http://purl.org/ccf/1.5/ec624497-03e5-42ea-9591-251f594b2567,26
http://purl.org/ccf/1.5/f3a01bec-f971-4ded-b33d-db383d541e0a,26
http://purl.org/ccf/1.5/f8689e57-305a-47e3-9d7a-9a7a156ef70e,26
http://purl.org/ccf/1.5/ff582469-5d9d-4e99-84c7-06223a30cef6,26
http://purl.org/ccf/1.5/7e0009b8-b1a1-410f-b4c3-88820d35f40a,1
http://purl.org/ccf/1.5/80869cd6-418b-4abd-bad8-c1f937e0d71f,1
http://purl.org/ccf/1.5/912a649b-1820-48c1-a6a7-2e36e9f6f3da,1
http://purl.org/ccf/1.5/9b993347-ed5b-488d-a2c4-1aafd1dde81f,1
http://purl.org/ccf/1.5/ac92c0b0-75c7-4722-8f4e-6da9606408eb,1
http://purl.org/ccf/1.5/b0d972ea-ec3b-4232-aa1a-5c7d591f3b43,1
http://purl.org/ccf/1.5/b45d95ce-80e7-4e71-913d-cd5847b00dee,1
http://purl.org/ccf/1.5/b8b17ddf-3b16-48f9-b9f0-8c0459c661e5,1
http://purl.org/ccf/1.5/be7e6cb2-7ba5-475c-98df-38d2306618e2,1
http://purl.org/ccf/1.5/be8c8224-646f-4e98-a876-73e1209de49d,1
http://purl.org/ccf/1.5/c695cc36-cac6-4322-a903-b005e5243b39,1
http://purl.org/ccf/1.5/cdccd59c-0596-431d-9765-8fcf544a6708,1
http://purl.org/ccf/1.5/d02d0f9d-3429-4192-9f0f-6ce36e03cac5,1
http://purl.org/ccf/1.5/dc847b5f-caa9-42f9-912c-eac35b781e7a,1
http://purl.org/ccf/1.5/e2b79771-e1f7-4f0b-82c7-fb892bd16044,1
http://purl.org/ccf/1.5/eb6adb2a-1d3c-485d-bb26-334311ab2888,1
http://purl.org/ccf/1.5/ec8492d7-1bb8-47f5-a838-066379ddac6d,1
http://purl.org/ccf/1.5/f394db70-d134-4f13-8e22-ee78b202d2df,1
http://purl.org/ccf/1.5/f6b03730-b29f-41a3-b226-f69cab212448,1
http://purl.org/ccf/1.5/f773e595-2a71-425b-814f-a0bc5640e4b0,1
http://purl.org/ccf/1.5/f7d90fa7-9664-4a23-a891-324a736a50a0,1
http://purl.org/ccf/1.5/fca3f0de-4c85-48aa-82b6-ef0c9285a2c8,1
http://purl.org/ccf/1.5/1f959974-4f3c-4023-a1af-6e5172d89f2c,1
http://purl.org/ccf/1.5/2f0bc1c1-551b-46d8-bd70-c77ac180ab7c,1
http://purl.org/ccf/1.5/c7ed4142-ddad-4cf5-b83b-dd431927bad5,1
http://purl.org/ccf/1.5/fc556dba-cfb0-490d-913b-d76717762142,1
http://purl.org/ccf/1.5/513a5005-f9e5-4a00-a08a-15b5d47c5ea0,2
http://purl.org/ccf/1.5/d498378e-8682-45f3-9bfd-11b48023125c,2
http://purl.org/ccf/1.5/16cf6a02-899d-417b-ab6e-6c24076edef6,2
http://purl.org/ccf/1.5/28a244d2-7a63-4319-aca0-5de6540e71a3,2
http://purl.org/ccf/1.5/434b6437-7c44-4c14-8538-4c3538cb90df,2
http://purl.org/ccf/1.5/4c2ecb3a-ec29-4198-ace6-71a7a0e62b32,2
http://purl.org/ccf/1.5/57eaed63-6c16-4454-9561-b34894839f1b,2
http://purl.org/ccf/1.5/58e2f655-61e7-4d7f-a01b-704ddb7ba544,2
http://purl.org/ccf/1.5/a0d6ecb6-29e8-4588-bb73-bb032702dde3,2
http://purl.org/ccf/1.5/de69a4db-04d8-4533-9296-e84a22dbdfea,2
http://purl.org/ccf/1.5/018145b1-cfa7-444f-8b81-d25a3d599c9b,2
http://purl.org/ccf/1.5/06145edb-ca9f-4389-b7ac-4cfdb6985bba,2
http://purl.org/ccf/1.5/162614ac-370e-4365-8002-70bda350084b,2
http://purl.org/ccf/1.5/448abbcf-b228-4152-afc9-105d3d197eba,2
http://purl.org/ccf/1.5/5be19716-6590-407e-93d0-823103c9be61,2
http://purl.org/ccf/1.5/b2e60d01-2c57-4f70-8ca4-8b05934e064f,2
http://purl.org/ccf/1.5/edb30a87-8d25-456d-b096-32a7449bf965,2
http://purl.org/ccf/1.5/fc1c642a-9430-4ce5-b2c1-5ceb37c94d24,2
http://purl.org/ccf/1.5/e30fdc54-9fd4-4b57-ad9f-1c121c9c9a1c,3
http://purl.org/ccf/1.5/4ec91c30-6eed-4b89-ba3f-941add225c63,3
http://purl.org/ccf/1.5/8197a969-c010-4e5b-bc97-e2e3ca44d816,3
http://purl.org/ccf/1.5/93c94504-6842-4115-a296-877507d1f052,3
http://purl.org/ccf/1.5/e138c7bc-1a53-463b-a62b-d2728ffbec80,3
http://purl.org/ccf/1.5/00d70bfc-b477-4131-a9ef-b0d0945ceffa,3
http://purl.org/ccf/1.5/0d259343-bb9b-4ed9-b4af-e298893bf2a4,3
http://purl.org/ccf/1.5/0daa56a0-f534-415a-8e60-e299fd540030,3
http://purl.org/ccf/1.5/1024fef2-b7a4-4160-aacf-a8774e65fcca,3
http://purl.org/ccf/1.5/2705542b-6bb1-4e19-82c4-d2d149893212,3
http://purl.org/ccf/1.5/3564cfbe-dd69-4a1a-9ff3-eb2e5c05aa5f,3
http://purl.org/ccf/1.5/66fa8cc8-1b42-4300-8898-46933b8b8a74,3
http://purl.org/ccf/1.5/6e532cbf-5bff-497e-be87-fc975e8e1ee7,3
http://purl.org/ccf/1.5/8049d9c9-9a5c-4972-bbc5-ac5a2441ab8e,3
http://purl.org/ccf/1.5/86d5afae-a1b5-48a7-8d1b-d7ddd1d73238,3
http://purl.org/ccf/1.5/8d22a3aa-d275-42ee-a8fd-5d61ae5d9eb2,3
http://purl.org/ccf/1.5/9699c281-683a-4614-be2f-71a77c32b5fb,3
http://purl.org/ccf/1.5/9e04e66e-ae66-4800-b7db-8b38f37564b3,3
http://purl.org/ccf/1.5/a45de8cc-80d7-4ccc-956a-97c4e64ca3dc,3
http://purl.org/ccf/1.5/b4a70efd-3d19-4fc3-b428-665cc2ce8813,3
http://purl.org/ccf/1.5/caa14c35-b6ff-41d7-82a9-849706b510d8,3
http://purl.org/ccf/1.5/d719b039-2069-4d84-a484-39195044c552,3
http://purl.org/ccf/1.5/d8669030-8418-48d8-aa94-c52ce23100e8,3
http://purl.org/ccf/1.5/dbe5d3bd-b57e-4b7b-af82-31d9d6db3087,3
http://purl.org/ccf/1.5/ee8f9c2a-cc88-4b82-b3ae-48ef6b0eecbd,3
http://purl.org/ccf/1.5/fab9a4b1-bec4-49ec-8833-401e552e0652,3
http://purl.org/ccf/1.5/02176b5c-bd9b-47d1-bfe9-739206945907,3
http://purl.org/ccf/1.5/0306b3c8-654b-4d81-8fe2-f32a1c487765,3
http://purl.org/ccf/1.5/06a6f104-45cd-4585-abf8-1249b1609b8f,3
http://purl.org/ccf/1.5/0e0580ee-5149-486e-bce0-8876879e28dd,3
http://purl.org/ccf/1.5/169974a5-31ad-412a-b043-f7d3bb5851d9,3
http://purl.org/ccf/1.5/195ee5e5-cbc5-4d67-9535-2977ae665a1d,3
http://purl.org/ccf/1.5/2859f679-c74a-4811-a1d9-207d3d05e0db,3
http://purl.org/ccf/1.5/41f480df-6a75-4c3c-8c6d-16614aceb23f,3
http://purl.org/ccf/1.5/46845fbc-cb6f-431a-be5f-41d3d13bc52f,3
http://purl.org/ccf/1.5/4c623a8b-e7cb-4dbb-9ac0-1c6a4812fbf5,3
http://purl.org/ccf/1.5/540f2cfe-d90c-4bf2-b34c-1c804919351e,3
http://purl.org/ccf/1.5/664cbd8c-fc3d-4247-a5ea-8c33b84de06a,3
http://purl.org/ccf/1.5/68040c90-3103-4ef2-8d98-470c92ba618b,3
http://purl.org/ccf/1.5/74336cee-fee3-4274-bfcc-d2f281a73403,3
http://purl.org/ccf/1.5/7d5abb23-7607-4e63-bfc3-64deeee3d4ea,3
http://purl.org/ccf/1.5/9864ef56-6a29-441a-af1a-09323042c15d,3
http://purl.org/ccf/1.5/bbcbf513-b915-4ccf-a93f-86f194430b26,3
http://purl.org/ccf/1.5/c1b58827-9f91-4271-8519-8e3602f699fd,3
http://purl.org/ccf/1.5/c53b5077-08fe-41c1-9548-413d1aa4ed0b,3
http://purl.org/ccf/1.5/f3567640-f42d-4d84-a6b8-2535b2378e3f,3
http://purl.org/ccf/1.5/9699bc40-220b-45bb-87b4-d74f38b64ce2,4
http://purl.org/ccf/1.5/d0aa0f93-9030-47f7-aaed-828cb2c3aa78,4
http://purl.org/ccf/1.5/74a3fc30-9e4b-44d5-b70e-43b56550aac0,5
http://purl.org/ccf/1.5/7c6ea5af-8814-4ef9-b281-80e10509fa0e,5
http://purl.org/ccf/1.5/cc3c11cb-e24b-4350-aa6a-ac1168d51554,6
http://purl.org/ccf/1.5/59978ebf-ee21-4d66-aec5-7cddceffa9cd,6
http://purl.org/ccf/1.5/f82bf3ac-e895-4885-aee5-974e0418c587,7
http://purl.org/ccf/1.5/139ad120-b165-4e11-90b8-b86c170d2fc9,12
http://purl.org/ccf/1.5/798bbe04-761c-4a68-b610-3989ef36833f,14
http://purl.org/ccf/1.5/5d9cc972-a369-40cd-bb19-5304def97a92,26
http://purl.org/ccf/1.5/6e84416f-6f4f-4ce2-9cc0-a3ba3a2053a9,1
http://purl.org/ccf/1.5/6ec8d97b-8cb3-43c9-b054-db6065503e88,1
http://purl.org/ccf/1.5/7127ed28-1ee4-43dc-9c64-989aa67602eb,1
http://purl.org/ccf/1.5/72d58538-8fca-4adb-9ab3-0c85c3bcdd9a,1
http://purl.org/ccf/1.5/74ef68a6-22c3-471f-b636-93b4f4aa5aed,1
http://purl.org/ccf/1.5/761afe93-d726-4fa9-86e2-14b5e4e48c3c,1
http://purl.org/ccf/1.5/77615c9f-d235-4c71-8775-ad3ec270b976,1
http://purl.org/ccf/1.5/79e0572b-32fe-4f5c-9977-664a0c8b03b0,1
http://purl.org/ccf/1.5/79e64107-e4c9-4a10-9f8e-2cbffca3b550,1
http://purl.org/ccf/1.5/7c88dea6-b87f-4d85-9c63-96da6a9560d0,1
http://purl.org/ccf/1.5/7ed7879d-c1e2-4f31-b0d6-83f8251ce953,1
http://purl.org/ccf/1.5/82bb3ae4-11e6-498d-9f9a-9b15b5c6f859,1
http://purl.org/ccf/1.5/83ba7030-c212-4a60-813f-f579e1f16c3e,1
http://purl.org/ccf/1.5/83f1e29b-25f4-4e9f-9c03-fd43d63a56bc,1
http://purl.org/ccf/1.5/86031ae3-0668-4ad8-b211-233c7a2b0415,1
http://purl.org/ccf/1.5/8e45da75-eb51-4514-8f6d-3a12b1a76dca,1
http://purl.org/ccf/1.5/91045d3f-23ec-40cf-95a8-1f89674c47bc,1
http://purl.org/ccf/1.5/9118e096-c87c-4a04-8610-3f87c67d8844,1
http://purl.org/ccf/1.5/9147f676-99f6-4146-bbf4-ed94dcae076b,1
http://purl.org/ccf/1.5/93da1599-2fc8-4aa9-99de-954ec1989adf,1
http://purl.org/ccf/1.5/9ed68ed1-b352-487f-b4be-3d23398cdaf6,1
http://purl.org/ccf/1.5/9fa88434-ec74-4328-a894-07f8d9f213cc,1
http://purl.org/ccf/1.5/a2eaddac-7ee3-4a23-bddf-f990e5f9e0e3,1
http://purl.org/ccf/1.5/a3f54c94-b434-4355-9a8e-10474d5334ef,1
http://purl.org/ccf/1.5/a438b2b7-3e1c-4062-8223-a72656ce6a94,1
http://purl.org/ccf/1.5/a50b3e65-47bc-43cd-9ce4-7e43575853fb,1
http://purl.org/ccf/1.5/a8979505-c579-4a74-af8d-6500b7a440af,1
http://purl.org/ccf/1.5/a932f63c-c424-476c-8a8d-45eda55ad252,1
http://purl.org/ccf/1.5/ab8757f5-337a-4166-b47e-247ef619f4c6,1
http://purl.org/ccf/1.5/ace2376b-8386-4830-b76a-7ed645686567,1
http://purl.org/ccf/1.5/ae2c3f4d-9b53-44d5-8a80-d481c17327f1,1
http://purl.org/ccf/1.5/af833100-50c5-4607-8de0-f64d32a21f73,1
http://purl.org/ccf/1.5/b1443e1b-0464-4984-b9c3-e0fb75b4feb0,1
http://purl.org/ccf/1.5/b19e73ee-8358-48e8-9bbb-804e5b42c933,1
http://purl.org/ccf/1.5/b1b42a46-c5d1-4f96-a2db-cbdc06cfdbc5,1
http://purl.org/ccf/1.5/b53347d7-8b68-4268-b16e-1a3446d02e2b,1
http://purl.org/ccf/1.5/b5cada4b-02ef-4b36-a5ec-b205c400cd00,1
http://purl.org/ccf/1.5/b98de517-2a4c-45f4-8108-c44d6a49a75c,1
http://purl.org/ccf/1.5/bbbd7c74-f645-4654-9dc8-63a8473e095b,1
http://purl.org/ccf/1.5/bbe8e6fc-c62c-4f86-800d-c04d11704a8e,1
http://purl.org/ccf/1.5/bc680918-fd73-44ba-9ea4-17786f0446f7,1
http://purl.org/ccf/1.5/c24fcaa5-ad49-4dfc-8f1a-27ed2f6b94f1,1
http://purl.org/ccf/1.5/c361f725-c7cf-4e71-9c7f-4236cf3e99b5,1
http://purl.org/ccf/1.5/c38e99c4-7ab0-4cbe-bd8a-f9276cec9f04,1
http://purl.org/ccf/1.5/c657ec7b-8c67-4c73-8ad8-b6f13bb368f5,1
http://purl.org/ccf/1.5/c94564a4-2e5a-4550-814e-25429c02ba3b,1
http://purl.org/ccf/1.5/ca78cd5e-0c21-49c1-88b6-5ad7a56db50b,1
http://purl.org/ccf/1.5/cb66c4bf-591d-404e-9d62-4b956bfbb7e7,1
http://purl.org/ccf/1.5/d131927f-6530-4410-82d6-705097b262b3,1
http://purl.org/ccf/1.5/d1503c96-fc87-46a7-8a0f-72c2f35b53e1,1
http://purl.org/ccf/1.5/d5713b2b-ad15-4225-850e-a8efa16a597c,1
http://purl.org/ccf/1.5/d6a255a0-903e-4785-a39d-7dd878c5ddd0,1
http://purl.org/ccf/1.5/d77268ef-1df2-4b9f-87d1-1b9a51b0e11a,1
http://purl.org/ccf/1.5/dce8bf74-3b04-4745-90e0-9a445bbbbb46,1
http://purl.org/ccf/1.5/de2c01b3-5199-41e6-a907-237ae3f9d0d7,1
http://purl.org/ccf/1.5/de34b4d1-86b9-407c-9aca-86b0905d22ed,1
http://purl.org/ccf/1.5/e08edab6-fa0f-4626-8efb-4095041e3783,1
http://purl.org/ccf/1.5/e3c9c182-551a-400c-9614-9fc52a1d539c,1
http://purl.org/ccf/1.5/e4a37990-e5f4-47b8-9e75-d302d54fa834,1
http://purl.org/ccf/1.5/e4cd9ef2-4756-4d24-9026-45311625ade6,1
http://purl.org/ccf/1.5/e56cadc0-6046-41fe-b605-055e1e336ff1,1
http://purl.org/ccf/1.5/e7cded2f-3002-479d-8023-6a62d2f90840,1
http://purl.org/ccf/1.5/eaa8b4d9-1cee-4aa8-aa73-fe67b544365a,1
http://purl.org/ccf/1.5/ec7ff619-eedc-483b-a00c-4eba22ca21d6,1
http://purl.org/ccf/1.5/ee7d1253-4ab3-46ab-96ca-cef5c9863641,1
http://purl.org/ccf/1.5/ee91b4a1-de53-44b9-b0e6-dd23605e2652,1
http://purl.org/ccf/1.5/ef3c1697-065b-48f2-b67b-52f561a80f6a,1
http://purl.org/ccf/1.5/f4d4fca6-b509-4757-a900-b39c412e45dc,1
http://purl.org/ccf/1.5/f5f3d8c8-cea3-47c3-bbd8-03558ae3b1cf,1
http://purl.org/ccf/1.5/f9257487-b125-4f47-bd5e-b11a65965623,1
http://purl.org/ccf/1.5/f930ba8a-760c-487a-83b1-9acebc6c9263,1
http://purl.org/ccf/1.5/faf75301-d893-4104-a99b-01a9d242d837,1
http://purl.org/ccf/1.5/fe2cef3c-4a0d-4a27-ab69-abf46bee7707,1
http://purl.org/ccf/1.5/fe48df6d-25c3-4efd-8f9e-8e0b659cd618,1
http://purl.org/ccf/1.5/015d52cd-a4fc-4a0c-8220-0f5a0393310a,1
http://purl.org/ccf/1.5/0960c786-4adf-4a7e-80fc-b9f1fe694768,1
http://purl.org/ccf/1.5/0d7c5427-8dd8-47dc-add6-56666016002e,1
http://purl.org/ccf/1.5/11ec4189-388c-4b3c-b4fe-027461bea978,1
http://purl.org/ccf/1.5/1779664f-5257-4790-9a28-9b603d926feb,1
http://purl.org/ccf/1.5/182ca45e-8190-4709-a3af-def316572e09,1
http://purl.org/ccf/1.5/19d06baf-65cc-4530-a0eb-5fcd9b98bcce,1
http://purl.org/ccf/1.5/1c2fb1d3-5026-4aa1-9204-b49c96b4bf63,1
http://purl.org/ccf/1.5/23b2139f-2177-4980-8bac-75e9a8901b8c,1
http://purl.org/ccf/1.5/2ee4d08f-081e-4dcb-8117-34ec1185a910,1
http://purl.org/ccf/1.5/335df3c2-03f9-44ce-8c8b-722c313b4fcb,1
http://purl.org/ccf/1.5/39835b7d-f6c4-4b07-9a9d-b3eefe31652b,1
http://purl.org/ccf/1.5/3a74438b-1a80-4234-ad97-14e382cb9e45,1
http://purl.org/ccf/1.5/3b9e6b08-0238-467b-9523-3f672764d8a5,1
http://purl.org/ccf/1.5/3bde5d0b-a56d-4b01-8da0-e0cde29198bd,1
http://purl.org/ccf/1.5/4c1ee339-1495-48da-a514-b5cfd3a2cf5e,1
http://purl.org/ccf/1.5/536c9dcc-7a5a-49cb-8d61-2863ce860037,1
http://purl.org/ccf/1.5/5c77d3ae-c620-4b25-af90-22c527e2e543,1
http://purl.org/ccf/1.5/5f7e2c58-fba5-4eea-89f9-296264bec88a,1
http://purl.org/ccf/1.5/60497d75-4339-46ad-8599-a2086849734a,1
http://purl.org/ccf/1.5/6127c34e-a795-4067-ae45-d26cb6347d00,1
http://purl.org/ccf/1.5/61e9e848-101d-4107-8a50-699e57aedddf,1
http://purl.org/ccf/1.5/64f4282f-8782-4a46-a647-20a76b09f83b,1
http://purl.org/ccf/1.5/65142305-b40b-4bfd-91e5-f3ea6d51a257,1
http://purl.org/ccf/1.5/6981071b-9424-4bfc-a2d6-a4413abe73c0,1
http://purl.org/ccf/1.5/6d705ca6-37a7-4d09-a098-2587a7befb0d,1
http://purl.org/ccf/1.5/09681d25-f08d-40ff-81cb-a731610aa84d,1
http://purl.org/ccf/1.5/0b234d74-b8f9-449f-8416-ef10e33d2f7f,1
http://purl.org/ccf/1.5/1bdefd98-d1af-40c0-9849-3f34518cdf80,1
http://purl.org/ccf/1.5/23e9d58a-c93f-414b-baf9-3692ea20fd1c,1
http://purl.org/ccf/1.5/32214c14-bf21-4bf6-aea9-58ab721128ab,1
http://purl.org/ccf/1.5/3425fa0c-c5cb-4493-b6ba-41520334b13e,1
http://purl.org/ccf/1.5/37248725-6ed5-4589-ac5a-9951d1a783e7,1
http://purl.org/ccf/1.5/38d89d1c-002c-4bd3-a178-9af62b112834,1
http://purl.org/ccf/1.5/3b2cb9ee-2a6f-4fb3-bc1b-dbd192d3163c,1
http://purl.org/ccf/1.5/3c695f26-b7ed-44ad-8e11-894932defa86,1
http://purl.org/ccf/1.5/43e195fb-0f50-4b67-bff1-b74f68290fc6,1
http://purl.org/ccf/1.5/48f6aab3-8d58-4675-806c-3fd7d5b7336f,1
http://purl.org/ccf/1.5/5df04f61-5fcc-4035-92c3-631f772a6ce0,1
http://purl.org/ccf/1.5/6b4d596d-3b01-4896-8234-75a6a72aebe7,1
http://purl.org/ccf/1.5/6bbdd96b-5fae-406c-a0a5-8e20e1bd0d8e,1
http://purl.org/ccf/1.5/6ed1eb65-077b-4c7d-925a-14fb1d6b66ae,1
http://purl.org/ccf/1.5/76a8931b-1c06-4646-8a17-ac7828b6e879,1
http://purl.org/ccf/1.5/7f0bfe51-5458-4ef8-8641-c3d9a5fbd538,1
http://purl.org/ccf/1.5/82566926-7a8f-43a7-9f6a-ae0c463d7a1d,1
http://purl.org/ccf/1.5/82d414d4-59a7-4a61-9d86-278cb73a3ddd,1
http://purl.org/ccf/1.5/8e8d9121-3a47-4c89-9e63-aec6659075d2,1
http://purl.org/ccf/1.5/91009a1d-ddea-4489-af88-3e32ca47cde7,1
http://purl.org/ccf/1.5/91f131f5-724b-455e-a2d7-cade7eae4be9,1
http://purl.org/ccf/1.5/9a6cb9d5-afdd-429d-98ba-f157a42c7937,1
http://purl.org/ccf/1.5/aab5a316-7fbc-4a57-8b3a-3fc1958c5292,1
http://purl.org/ccf/1.5/ba9d007b-c5c7-4231-80f9-42403a98a6df,1
http://purl.org/ccf/1.5/bceacee1-bc17-49ba-ab6f-833a9ccde436,1
http://purl.org/ccf/1.5/bef32c60-2261-4e08-b7a8-451de78d3a38,1
http://purl.org/ccf/1.5/c89a4a3c-52d7-4508-86fb-b7e5610cb1e0,1
http://purl.org/ccf/1.5/c9e06f93-152f-4c72-aa69-4b1176833af7,1
http://purl.org/ccf/1.5/d073cee2-e62f-42de-bd5a-e9d20bc9d435,1
http://purl.org/ccf/1.5/db4f3eca-e9f8-4f9c-88a1-795a20dd0f84,1
http://purl.org/ccf/1.5/f5f662ff-2ba4-4442-b7ae-0f48fcadb79e,1
http://purl.org/ccf/1.5/f9e28182-3ed3-4a3f-bd45-66ebce1efafb,1
http://purl.org/ccf/1.5/fb4cec06-b147-4277-a6cf-8aa21e294183,1
http://purl.org/ccf/1.5/74a3fc30-9e4b-44d5-b70e-43b56550aac0,1
http://purl.org/ccf/1.5/53a6bbda-8263-419d-96e8-ba4561899d87,1
http://purl.org/ccf/1.5/fe276ee5-752a-456e-bb25-4e5da071c6ed,1
http://purl.org/ccf/1.5/3baf4809-eff0-4a0e-8ccb-0d7e6d83f371,1
http://purl.org/ccf/1.5/3c6f0725-dbe0-4245-82c4-1f11f2b72ba0,1
http://purl.org/ccf/1.5/006cb235-3d41-4998-8866-0737924068b0,1
http://purl.org/ccf/1.5/024a5ed6-d29d-463f-9434-56b307a0c185,1
http://purl.org/ccf/1.5/06c77179-9e3a-4a07-acd0-35582f19814d,1
http://purl.org/ccf/1.5/09cf8e42-987e-4401-a6fc-a98f77e8baf2,1
http://purl.org/ccf/1.5/0b06bb5e-8a6f-4625-8ea2-6010ae4b572a,1
http://purl.org/ccf/1.5/0bd3f56b-f6b8-4b2a-8ed2-b46a875a5ce5,1
http://purl.org/ccf/1.5/0daf32c9-c1fe-423d-8ea4-12a2ce26ec46,1
http://purl.org/ccf/1.5/1145456c-a7fc-49b0-87ce-c91037ad66e9,1
http://purl.org/ccf/1.5/11feab50-94f5-4579-b715-fe37549f6b3d,1
http://purl.org/ccf/1.5/1328fda8-0798-49df-99cd-e072f7a3ba94,1
http://purl.org/ccf/1.5/15f18e96-7ae3-48a8-b80e-c0f645b08858,1
http://purl.org/ccf/1.5/170c16c9-b5c4-4466-a270-a6968ef51e7a,1
http://purl.org/ccf/1.5/17e2d1d5-fef4-4bed-8884-13a8c5f6e55d,1
http://purl.org/ccf/1.5/1cbd9283-2d58-4a2d-88fe-effb18c3f14f,1
http://purl.org/ccf/1.5/1da34ba2-6e68-41e5-a8ea-b328c38e395a,1
http://purl.org/ccf/1.5/1f7a84dd-3479-4c54-916d-411c62632c2f,1
http://purl.org/ccf/1.5/213dd177-4b3d-4537-b228-0e479e44b9fb,1
http://purl.org/ccf/1.5/21ad09b1-a336-4cfe-b06b-049715042cfb,1
http://purl.org/ccf/1.5/2268b2e8-e103-4384-a746-5242b60a4f14,1
http://purl.org/ccf/1.5/2320d438-9948-4538-8dd3-517490a92152,1
http://purl.org/ccf/1.5/23478545-ad10-4215-a9aa-3f09cab0e288,1
http://purl.org/ccf/1.5/246cf4d2-6f9d-4f7f-9499-6f34e3e643e2,1
http://purl.org/ccf/1.5/269f53a9-bf8a-453b-ac4e-d233906a9d25,1
http://purl.org/ccf/1.5/2a981b9a-3e66-4c3c-b71c-acd374d6aaea,1
http://purl.org/ccf/1.5/2cdddf66-2300-4474-b614-690093bfce17,1
http://purl.org/ccf/1.5/2eb99525-e795-4a92-9e4e-d9eabfe9f43d,1
http://purl.org/ccf/1.5/337410fd-2744-403e-a9cc-ffa8e94c7b61,1
http://purl.org/ccf/1.5/34a6a985-15bc-4e03-b8b6-8071a9b5ccc7,1
http://purl.org/ccf/1.5/36f06c60-7274-41c5-8824-67a522da8ec5,1
http://purl.org/ccf/1.5/3787d40c-0308-4bf4-8ce2-f7df0de87c12,1
http://purl.org/ccf/1.5/38ea4629-0970-4cfc-b689-57d0d6372fa8,1
http://purl.org/ccf/1.5/394a7acd-1358-4242-a56d-006d8b368527,1
http://purl.org/ccf/1.5/39d0c94a-56c3-47cf-bb42-8b072d5a5abe,1
http://purl.org/ccf/1.5/3b303946-0f2f-450c-8efc-12767c1013bc,1
http://purl.org/ccf/1.5/4154a974-b347-4af7-ab5e-e66911484e1f,1
http://purl.org/ccf/1.5/44b796af-69b5-4cbf-9a90-14144678d851,1
http://purl.org/ccf/1.5/45d2b9fa-c87d-4eb9-a963-8196f20de438,1
http://purl.org/ccf/1.5/47867b88-d714-467f-82a7-fd7d248856e3,1
http://purl.org/ccf/1.5/4830f612-8562-41bd-ba6b-ebc273ed2aeb,1
http://purl.org/ccf/1.5/49ddbc1b-5f61-4bbb-a52b-31e8bfd545dc,1
http://purl.org/ccf/1.5/4afc7c70-d7b5-457b-8cc7-e84e9fa786a0,1
http://purl.org/ccf/1.5/4d7ef4bc-5776-4a85-80d1-3b185952e29c,1
http://purl.org/ccf/1.5/4e89f8cc-97f6-4df1-a4b1-0ecf1fcd805c,1
http://purl.org/ccf/1.5/4f882102-72a8-4fc9-a6fd-45963c96ed6f,1
http://purl.org/ccf/1.5/51c13bbf-0cf6-4b4e-b141-7703bbde92a2,1
http://purl.org/ccf/1.5/52ff7c50-a142-4717-a0ea-74a2e226c9db,1
http://purl.org/ccf/1.5/533e3dd2-b42e-40c5-8eb5-7d3667e98765,1
http://purl.org/ccf/1.5/56621014-64de-4351-a724-be42becb142e,1
http://purl.org/ccf/1.5/569e97c9-901f-40a3-b5bf-942dc4a7c4e1,1
http://purl.org/ccf/1.5/56e375c9-bbf5-458d-8d64-b9791be0e7d3,1
http://purl.org/ccf/1.5/5830843a-c864-4d3d-be41-bd662b02428d,1
http://purl.org/ccf/1.5/58e1cc32-cc6c-4d72-ae5e-cf96a524b2ad,1
http://purl.org/ccf/1.5/5c921147-edef-44ce-845b-84dfbf6e0174,1
http://purl.org/ccf/1.5/60046b34-cf00-4137-9858-466305871150,1
http://purl.org/ccf/1.5/600df306-6c98-4596-a3c8-037aec8a65bc,1
http://purl.org/ccf/1.5/61e5b5eb-4ea7-4937-8e2a-ef0f158ec6c2,1
http://purl.org/ccf/1.5/65fe3b83-e95a-490b-8547-8a6e0064aeec,1
http://purl.org/ccf/1.5/69c1a97a-63bb-434d-a2d0-1511905d25da,1
http://purl.org/ccf/1.5/6b724dd2-a261-4671-a0d1-ede1e170ca4b,1
http://purl.org/ccf/1.5/6dd7f4bf-ff6e-4519-8c15-5602ae28e6b3,1
