tool,cell_id,cell_label,cell_count,gene_id,gene_label,gene_expr,dataset
azimuth,http://purl.obolibrary.org/obo/CL_0002480,Goblet (nasal),60,HGNC:534,ANXA10,5.690554618835449,https://api.cellxgene.cziscience.com/dp/v1/collections/6282a908-f162-44a2-99a3-8a942e4271b2#He_Cell_2022_NEUROD1_overexpression$lung
azimuth,http://purl.obolibrary.org/obo/CL_0000158,Club (nasal),90,HGNC:534,ANXA10,6.152210235595703,https://api.cellxgene.cziscience.com/dp/v1/collections/6282a908-f162-44a2-99a3-8a942e4271b2#He_Cell_2022_NEUROD1_overexpression$lung
azimuth,http://purl.obolibrary.org/obo/CL_4033048,Suprabasal,715,HGNC:534,ANXA10,3.42593789100647,https://api.cellxgene.cziscience.com/dp/v1/collections/6282a908-f162-44a2-99a3-8a942e4271b2#Salahudeen_Nat_2020_GSM2855479_Lung_2_2$alveolar%20sac
azimuth,http://purl.obolibrary.org/obo/CL_0000158,Club (nasal),56,HGNC:534,ANXA10,5.610435485839844,https://api.cellxgene.cziscience.com/dp/v1/collections/6282a908-f162-44a2-99a3-8a942e4271b2#He_Cell_2022_NEUROG3_overexpression$lung
azimuth,http://purl.obolibrary.org/obo/CL_4033048,Suprabasal,756,HGNC:534,ANXA10,3.440290927886963,https://api.cellxgene.cziscience.com/dp/v1/collections/6282a908-f162-44a2-99a3-8a942e4271b2#Salahudeen_Nat_2020_GSM2855481_Lung_2_4$alveolar%20sac
azimuth,http://purl.obolibrary.org/obo/CL_4033048,Suprabasal,734,HGNC:534,ANXA10,3.517550945281982,https://api.cellxgene.cziscience.com/dp/v1/collections/6282a908-f162-44a2-99a3-8a942e4271b2#Salahudeen_Nat_2020_GSM2855480_Lung_2_3$alveolar%20sac
azimuth,http://purl.obolibrary.org/obo/CL_4033048,Suprabasal,676,HGNC:534,ANXA10,3.467685222625732,https://api.cellxgene.cziscience.com/dp/v1/collections/6282a908-f162-44a2-99a3-8a942e4271b2#Salahudeen_Nat_2020_GSM2855478_Lung_2_1$alveolar%20sac
azimuth,http://purl.obolibrary.org/obo/CL_0002062,AT1,96,HGNC:534,ANXA10,2.584890604019165,https://api.cellxgene.cziscience.com/dp/v1/collections/6282a908-f162-44a2-99a3-8a942e4271b2#Hein_Dev_2022_4_week_iBTO$lung
azimuth,http://purl.obolibrary.org/obo/CL_4033022,SMG mucous,19,HGNC:534,ANXA10,6.577048778533936,https://api.cellxgene.cziscience.com/dp/v1/collections/6282a908-f162-44a2-99a3-8a942e4271b2#He_Cell_2022_TFAP2A_overexpression$lung
celltypist,http://purl.obolibrary.org/obo/CL_1000353,Microfold cell,467,HGNC:534,ANXA10,1.07245659828186,https://api.cellxgene.cziscience.com/dp/v1/collections/e5f58829-1a66-40b5-a624-9046778e74f5#TSP2$duodenum
celltypist,http://purl.obolibrary.org/obo/CL_1000353,Microfold cell,214,HGNC:534,ANXA10,1.518064022064209,https://api.cellxgene.cziscience.com/dp/v1/collections/854c0855-23ad-4362-8b77-6b1639e7a9fc#A34%20(417C)$duodenum
celltypist,http://purl.obolibrary.org/obo/CL_0000160,BEST2+ Goblet cell,101,HGNC:534,ANXA10,0.6451388001441956,https://api.cellxgene.cziscience.com/dp/v1/collections/6282a908-f162-44a2-99a3-8a942e4271b2#Holloway_CellStemCell_2021_hITD_NRG1_day132_S94$duodenum
celltypist,http://purl.obolibrary.org/obo/CL_4047004,cycling EC,40,HGNC:534,ANXA10,1.484626531600952,https://api.cellxgene.cziscience.com/dp/v1/collections/6282a908-f162-44a2-99a3-8a942e4271b2#Sarvestani_NatCommun_2021_CRL1541_iHNO$colon
celltypist,http://purl.obolibrary.org/obo/CL_0000160,BEST2+ Goblet cell,1076,HGNC:534,ANXA10,0.4760538339614868,https://api.cellxgene.cziscience.com/dp/v1/collections/6282a908-f162-44a2-99a3-8a942e4271b2#Yan_Gut_2020_H019_NOd$colon
celltypist,http://purl.obolibrary.org/obo/CL_1000312,Goblet (subsegmental),3,HGNC:534,ANXA10,2.152235984802246,https://api.cellxgene.cziscience.com/dp/v1/collections/edb893ee-4066-4128-9aec-5eb2b03f8287#UKIM-V_P1$lung
celltypist,http://purl.obolibrary.org/obo/CL_1000353,Microfold cell,471,ASCTB-TEMP:anxa10,ANXA10,1.070224285125732,https://doi.org/10.6084/m9.figshare.27921984#TS2-TSP2_SI_DuodenumProximal_10X_1_1
celltypist,http://purl.obolibrary.org/obo/CL_4030024,Hillock-like,308,HGNC:534,ANXA10,1.797904372215271,https://api.cellxgene.cziscience.com/dp/v1/collections/6282a908-f162-44a2-99a3-8a942e4271b2#Salahudeen_Nat_2020_GSM2855481_Lung_2_4$alveolar%20sac
celltypist,http://purl.obolibrary.org/obo/CL_0000160,BEST2+ Goblet cell,86,HGNC:534,ANXA10,0.8292173743247986,https://api.cellxgene.cziscience.com/dp/v1/collections/6282a908-f162-44a2-99a3-8a942e4271b2#Holloway_CellStemCell_2021_hITD_NRG1_day132_S95$duodenum
celltypist,http://purl.obolibrary.org/obo/CL_1000353,Microfold cell,1297,HGNC:534,ANXA10,2.531593799591064,https://api.cellxgene.cziscience.com/dp/v1/collections/6282a908-f162-44a2-99a3-8a942e4271b2#Holloway_CellStemCell_2021_hITD_EGFNRG1_day105_S16$duodenum
celltypist,http://purl.obolibrary.org/obo/CL_1000353,Microfold cell,2598,HGNC:534,ANXA10,1.571926474571228,https://api.cellxgene.cziscience.com/dp/v1/collections/6282a908-f162-44a2-99a3-8a942e4271b2#Bein_FPhar_2021_all$duodenum
pan-human-azimuth,http://purl.obolibrary.org/obo/CL_0002079,Pancreatic ductal cell,18,ASCTB-TEMP:anxa10,ANXA10,2.166666666666667,https://www.immunesinglecell.com/sample/GSM7755934
pan-human-azimuth,http://purl.obolibrary.org/obo/CL_0002179,Surface mucous cell,81,ASCTB-TEMP:anxa10,ANXA10,5.604938271604938,https://www.immunesinglecell.com/sample/GSM7755934
pan-human-azimuth,http://purl.obolibrary.org/obo/CL_0000182,Hepatocyte,7,ASCTB-TEMP:anxa10,ANXA10,1.714285714285714,https://www.immunesinglecell.com/sample/GSM9037557
pan-human-azimuth,http://purl.obolibrary.org/obo/CL_0002179,Surface mucous cell,47,ASCTB-TEMP:anxa10,ANXA10,1,https://www.immunesinglecell.com/sample/GSM6090439
pan-human-azimuth,http://purl.obolibrary.org/obo/CL_0000646,Basal cell of bladder,382,ASCTB-TEMP:anxa10,ANXA10,0.7172774869109948,https://www.immunesinglecell.com/sample/GSM6090439
pan-human-azimuth,http://purl.obolibrary.org/obo/CL_0002179,Surface mucous cell,15,ASCTB-TEMP:anxa10,ANXA10,0.4666666666666667,https://www.immunesinglecell.com/sample/CRX030769
pan-human-azimuth,http://purl.obolibrary.org/obo/CL_0002179,Surface mucous cell,5,ASCTB-TEMP:anxa10,ANXA10,1.2,https://www.immunesinglecell.com/sample/GSM5351382
pan-human-azimuth,http://purl.obolibrary.org/obo/CL_0002293,Thymic myoid cell,4,ASCTB-TEMP:anxa10,ANXA10,0.25,https://www.immunesinglecell.com/sample/GSM8193974
pan-human-azimuth,http://purl.obolibrary.org/obo/CL_0002179,Surface mucous cell,12,ASCTB-TEMP:anxa10,ANXA10,1.666666666666667,https://www.immunesinglecell.com/sample/GSM7500378
pan-human-azimuth,http://purl.obolibrary.org/obo/CL_0000646,Basal cell of bladder,3,ASCTB-TEMP:anxa10,ANXA10,0.3333333333333333,https://www.immunesinglecell.com/sample/GSM7500388
pan-human-azimuth,http://purl.obolibrary.org/obo/CL_0000740,Ganglion cell,3,ASCTB-TEMP:anxa10,ANXA10,0.3333333333333333,https://www.immunesinglecell.com/sample/GSM8152402
pan-human-azimuth,http://purl.obolibrary.org/obo/CL_0002179,Surface mucous cell,19,ASCTB-TEMP:anxa10,ANXA10,1.789473684210526,https://www.immunesinglecell.com/sample/GSM7500393
pan-human-azimuth,http://purl.obolibrary.org/obo/CL_0000682,Microfold cell,4,ASCTB-TEMP:anxa10,ANXA10,1,https://www.immunesinglecell.com/sample/GSM7500393
pan-human-azimuth,http://purl.obolibrary.org/obo/CL_0002179,Surface mucous cell,255,ASCTB-TEMP:anxa10,ANXA10,6.407843137254902,https://www.immunesinglecell.com/sample/GSM8517677
pan-human-azimuth,http://purl.obolibrary.org/obo/CL_0002179,Surface mucous cell,17,ASCTB-TEMP:anxa10,ANXA10,2.117647058823529,https://www.immunesinglecell.com/sample/GSM7500375
pan-human-azimuth,http://purl.obolibrary.org/obo/CL_0002179,Surface mucous cell,2,ASCTB-TEMP:anxa10,ANXA10,1,https://www.immunesinglecell.com/sample/GSM6914631
pan-human-azimuth,http://purl.obolibrary.org/obo/CL_0002179,Surface mucous cell,18,ASCTB-TEMP:anxa10,ANXA10,1.222222222222222,https://www.immunesinglecell.com/sample/GSM7500377
pan-human-azimuth,http://purl.obolibrary.org/obo/CL_0000510,Paneth cell,27,ASCTB-TEMP:anxa10,ANXA10,2.296296296296297,https://www.immunesinglecell.com/sample/GSM8657814_HT434_4
pan-human-azimuth,http://purl.obolibrary.org/obo/CL_0002179,Surface mucous cell,389,ASCTB-TEMP:anxa10,ANXA10,0.4524421593830333,https://www.immunesinglecell.com/sample/GSM6090441
pan-human-azimuth,http://purl.obolibrary.org/obo/CL_0019031,Goblet cell,176,ASCTB-TEMP:anxa10,ANXA10,1.710227272727273,https://www.immunesinglecell.com/sample/GSM6090467
pan-human-azimuth,http://purl.obolibrary.org/obo/CL_0002179,Surface mucous cell,10,ASCTB-TEMP:anxa10,ANXA10,1.1,https://www.immunesinglecell.com/sample/GSM5928067
pan-human-azimuth,http://purl.obolibrary.org/obo/CL_0002179,Surface mucous cell,180,ASCTB-TEMP:anxa10,ANXA10,12.9,https://www.immunesinglecell.com/sample/GSM7966243
pan-human-azimuth,http://purl.obolibrary.org/obo/CL_0002179,Surface mucous cell,3,ASCTB-TEMP:anxa10,ANXA10,1,https://www.immunesinglecell.com/sample/GSM6601037
pan-human-azimuth,http://purl.obolibrary.org/obo/CL_0000765,Late hemoglobin+ erythroblast,4,ASCTB-TEMP:anxa10,ANXA10,0.25,https://www.immunesinglecell.com/sample/GSM5818654
pan-human-azimuth,http://purl.obolibrary.org/obo/CL_0002179,Surface mucous cell,273,ASCTB-TEMP:anxa10,ANXA10,7.051282051282051,https://www.immunesinglecell.com/sample/GSM8657820_HT692
pan-human-azimuth,http://purl.obolibrary.org/obo/CL_0002179,Surface mucous cell,2269,ASCTB-TEMP:anxa10,ANXA10,0.9153812252093434,https://www.immunesinglecell.com/sample/GSM3954949
pan-human-azimuth,http://purl.obolibrary.org/obo/CL_0002179,Surface mucous cell,20,ASCTB-TEMP:anxa10,ANXA10,1.8,https://www.immunesinglecell.com/sample/GSM7500394
pan-human-azimuth,http://purl.obolibrary.org/obo/CL_4023060,Hippocampal CA1-3 neuron,2,ASCTB-TEMP:anxa10,ANXA10,1,https://www.immunesinglecell.com/sample/GSM7976720
pan-human-azimuth,http://purl.obolibrary.org/obo/CL_0002179,Surface mucous cell,25,ASCTB-TEMP:anxa10,ANXA10,2.08,https://www.immunesinglecell.com/sample/GSM6090430
pan-human-azimuth,http://purl.obolibrary.org/obo/CL_0000646,Basal cell of bladder,6709,ASCTB-TEMP:anxa10,ANXA10,6.822626322849903,https://www.immunesinglecell.com/sample/GSM8329330
pan-human-azimuth,http://purl.obolibrary.org/obo/CL_0002179,Surface mucous cell,13,ASCTB-TEMP:anxa10,ANXA10,0.8461538461538461,https://www.immunesinglecell.com/sample/GSM5928066
pan-human-azimuth,http://purl.obolibrary.org/obo/CL_0002179,Surface mucous cell,419,ASCTB-TEMP:anxa10,ANXA10,1.393794749403342,https://www.immunesinglecell.com/sample/GSM4008653
pan-human-azimuth,http://purl.obolibrary.org/obo/CL_0002179,Surface mucous cell,15,ASCTB-TEMP:anxa10,ANXA10,3.266666666666667,https://www.immunesinglecell.com/sample/CRX030774
pan-human-azimuth,http://purl.obolibrary.org/obo/CL_0002179,Surface mucous cell,102,HGNC:534,ANXA10,2.578431372549019,https://api.cellxgene.cziscience.com/dp/v1/collections/854c0855-23ad-4362-8b77-6b1639e7a9fc#A34%20(417C)$duodenum
pan-human-azimuth,http://purl.obolibrary.org/obo/CL_0000037,HSC,3,ASCTB-TEMP:anxa10,ANXA10,1,https://www.immunesinglecell.com/sample/GSM5335504
pan-human-azimuth,http://purl.obolibrary.org/obo/CL_0002179,Surface mucous cell,54,ASCTB-TEMP:anxa10,ANXA10,10.83333333333333,https://www.immunesinglecell.com/sample/GSM8517682
pan-human-azimuth,http://purl.obolibrary.org/obo/CL_0002179,Surface mucous cell,50,ASCTB-TEMP:anxa10,ANXA10,3.86,https://www.immunesinglecell.com/sample/GSM8020619
pan-human-azimuth,http://purl.obolibrary.org/obo/CL_0002179,Surface mucous cell,2,ASCTB-TEMP:anxa10,ANXA10,18,https://www.immunesinglecell.com/sample/GSM8636309
pan-human-azimuth,http://purl.obolibrary.org/obo/CL_0000584,Enterocyte,4,ASCTB-TEMP:anxa10,ANXA10,0.75,https://www.immunesinglecell.com/sample/GSM7500449
pan-human-azimuth,http://purl.obolibrary.org/obo/CL_0002179,Surface mucous cell,27,HGNC:534,ANXA10,42.22222222222221,https://api.cellxgene.cziscience.com/dp/v1/collections/6282a908-f162-44a2-99a3-8a942e4271b2#Beumer_Cell_2020_Duo$duodenum
pan-human-azimuth,http://purl.obolibrary.org/obo/CL_0000066,Ciliary body cell,130,ASCTB-TEMP:anxa10,ANXA10,0.06923076923076923,https://www.immunesinglecell.com/sample/GSM6911578
pan-human-azimuth,http://purl.obolibrary.org/obo/CL_0002179,Surface mucous cell,36,HGNC:534,ANXA10,7.472222222222221,https://api.cellxgene.cziscience.com/dp/v1/collections/6282a908-f162-44a2-99a3-8a942e4271b2#Holloway_CellStemCell_2021_hITD_EGF_day132_S91$duodenum
pan-human-azimuth,http://purl.obolibrary.org/obo/CL_0002179,Surface mucous cell,5,ASCTB-TEMP:anxa10,ANXA10,0.6000000000000001,https://www.immunesinglecell.com/sample/GSM6727551
pan-human-azimuth,http://purl.obolibrary.org/obo/CL_0002179,Surface mucous cell,17,ASCTB-TEMP:anxa10,ANXA10,3.823529411764706,https://www.immunesinglecell.com/sample/GSM6567163
pan-human-azimuth,http://purl.obolibrary.org/obo/CL_0000646,Basal cell of bladder,9,ASCTB-TEMP:anxa10,ANXA10,0.5555555555555556,https://www.immunesinglecell.com/sample/GSM6914629
pan-human-azimuth,http://purl.obolibrary.org/obo/CL_0002179,Surface mucous cell,3357,ASCTB-TEMP:anxa10,ANXA10,4.961274947870121,https://www.immunesinglecell.com/sample/GSM7966240
pan-human-azimuth,http://purl.obolibrary.org/obo/CL_0002179,Surface mucous cell,17,ASCTB-TEMP:anxa10,ANXA10,2.823529411764706,https://www.immunesinglecell.com/sample/GSM6533097
pan-human-azimuth,http://purl.obolibrary.org/obo/CL_0002179,Surface mucous cell,321,HGNC:534,ANXA10,9.12461059190031,https://api.cellxgene.cziscience.com/dp/v1/collections/f30e0bf7-7b03-44b0-b312-cda799ef0240#IoC_donor1$intestinal%20mucosa
pan-human-azimuth,http://purl.obolibrary.org/obo/CL_0002179,Surface mucous cell,2,HGNC:534,ANXA10,2,https://api.cellxgene.cziscience.com/dp/v1/collections/5c868b6f-62c5-4532-9d7f-a346ad4b50a7#127693$ileal%20epithelium
pan-human-azimuth,http://purl.obolibrary.org/obo/CL_0002179,Surface mucous cell,1524,HGNC:534,ANXA10,0.4501312335958005,https://api.cellxgene.cziscience.com/dp/v1/collections/38833785-fac5-48fd-944a-0f62a4c23ed1#Donor11$stomach
pan-human-azimuth,http://purl.obolibrary.org/obo/CL_0002179,Surface mucous cell,829,HGNC:534,ANXA10,8.639324487334138,https://api.cellxgene.cziscience.com/dp/v1/collections/f11cb29c-b546-4738-9bd8-66ea621a7bd5#Pat22-B$stomach
pan-human-azimuth,http://purl.obolibrary.org/obo/CL_0000155,Chief cell,2,HGNC:534,ANXA10,1,https://api.cellxgene.cziscience.com/dp/v1/collections/38833785-fac5-48fd-944a-0f62a4c23ed1#Donor25$duodenum
pan-human-azimuth,http://purl.obolibrary.org/obo/CL_0002179,Surface mucous cell,15,HGNC:534,ANXA10,1,https://api.cellxgene.cziscience.com/dp/v1/collections/38833785-fac5-48fd-944a-0f62a4c23ed1#Donor25$duodenum
pan-human-azimuth,http://purl.obolibrary.org/obo/CL_0002179,Surface mucous cell,815,HGNC:534,ANXA10,1.595092024539877,https://api.cellxgene.cziscience.com/dp/v1/collections/6282a908-f162-44a2-99a3-8a942e4271b2#Sarvestani_NatCommun_2021_CRL1541_iHNO$colon
pan-human-azimuth,http://purl.obolibrary.org/obo/CL_0002179,Surface mucous cell,5,HGNC:534,ANXA10,1,https://api.cellxgene.cziscience.com/dp/v1/collections/4195ab4c-20bd-4cd3-8b3d-65601277e731#P37$breast
pan-human-azimuth,http://purl.obolibrary.org/obo/CL_0002179,Surface mucous cell,907,HGNC:534,ANXA10,3.663726571113561,https://api.cellxgene.cziscience.com/dp/v1/collections/f11cb29c-b546-4738-9bd8-66ea621a7bd5#Pat19$pylorus
pan-human-azimuth,http://purl.obolibrary.org/obo/CL_0002179,Surface mucous cell,736,HGNC:534,ANXA10,9.331521739130434,https://api.cellxgene.cziscience.com/dp/v1/collections/f11cb29c-b546-4738-9bd8-66ea621a7bd5#Pat22$pyloric%20antrum
pan-human-azimuth,http://purl.obolibrary.org/obo/CL_0002179,Surface mucous cell,630,HGNC:534,ANXA10,13.0015873015873,https://api.cellxgene.cziscience.com/dp/v1/collections/6282a908-f162-44a2-99a3-8a942e4271b2#He_Cell_2022_TFAP2A_overexpression$lung
pan-human-azimuth,http://purl.obolibrary.org/obo/CL_0002179,Surface mucous cell,125,HGNC:534,ANXA10,2.144,https://api.cellxgene.cziscience.com/dp/v1/collections/f11cb29c-b546-4738-9bd8-66ea621a7bd5#Pat01$body%20of%20stomach
pan-human-azimuth,http://purl.obolibrary.org/obo/CL_0000540,CXCL14 inhibitory neuron,2,HGNC:534,ANXA10,1,https://api.cellxgene.cziscience.com/dp/v1/collections/e75342a8-0f3b-4ec5-8ee1-245a23e0f7cb#H3$apex%20of%20heart
pan-human-azimuth,http://purl.obolibrary.org/obo/CL_0002179,Surface mucous cell,11,HGNC:534,ANXA10,0.09090909090909091,https://api.cellxgene.cziscience.com/dp/v1/collections/4d82bd8e-8827-410b-8fc7-685b7dd92585#C160$colorectum
pan-human-azimuth,http://purl.obolibrary.org/obo/CL_0002179,Surface mucous cell,1411,HGNC:534,ANXA10,0.7930545712260808,https://api.cellxgene.cziscience.com/dp/v1/collections/6282a908-f162-44a2-99a3-8a942e4271b2#Sarvestani_NatCommun_2021_NL34_iHNO$colon
pan-human-azimuth,http://purl.obolibrary.org/obo/CL_0002179,Surface mucous cell,550,HGNC:534,ANXA10,4.205454545454545,https://api.cellxgene.cziscience.com/dp/v1/collections/f11cb29c-b546-4738-9bd8-66ea621a7bd5#Pat12$body%20of%20stomach
pan-human-azimuth,http://purl.obolibrary.org/obo/CL_0002179,Surface mucous cell,33,HGNC:534,ANXA10,6.363636363636363,https://api.cellxgene.cziscience.com/dp/v1/collections/6282a908-f162-44a2-99a3-8a942e4271b2#Holloway_CellStemCell_2021_hITD_EGF_day132_S88$duodenum
pan-human-azimuth,http://purl.obolibrary.org/obo/CL_0002179,Surface mucous cell,167,HGNC:534,ANXA10,4.982035928143713,https://api.cellxgene.cziscience.com/dp/v1/collections/6282a908-f162-44a2-99a3-8a942e4271b2#Kilik_BioRxiv_2021_UK_HIO_EGF$intestine
pan-human-azimuth,http://purl.obolibrary.org/obo/CL_0002179,Surface mucous cell,1142,HGNC:534,ANXA10,1.802977232924694,https://api.cellxgene.cziscience.com/dp/v1/collections/38833785-fac5-48fd-944a-0f62a4c23ed1#Donor51$stomach
pan-human-azimuth,http://purl.obolibrary.org/obo/CL_0002179,Surface mucous cell,741,HGNC:534,ANXA10,6.8582995951417,https://api.cellxgene.cziscience.com/dp/v1/collections/f11cb29c-b546-4738-9bd8-66ea621a7bd5#Pat05$body%20of%20stomach
popv,http://purl.obolibrary.org/obo/CL_0002633,basal cell,475,ASCTB-TEMP:anxa10,ANXA10,2.314256876631301,https://api.cellxgene.cziscience.com/dp/v1/collections/6282a908-f162-44a2-99a3-8a942e4271b2#Salahudeen_Nat_2020_GSM2855481_Lung_2_4$alveolar%20sac
pan-human-azimuth,http://purl.obolibrary.org/obo/CL_0002179,Surface mucous cell,3495,HGNC:534,ANXA10,20.00286123032905,https://api.cellxgene.cziscience.com/dp/v1/collections/6282a908-f162-44a2-99a3-8a942e4271b2#H9$intestine
pan-human-azimuth,http://purl.obolibrary.org/obo/CL_0002179,Surface mucous cell,2364,HGNC:534,ANXA10,1.183164128595601,https://api.cellxgene.cziscience.com/dp/v1/collections/a18474f4-ff1e-4864-af69-270b956cee5b#L03$body%20of%20stomach
pan-human-azimuth,http://purl.obolibrary.org/obo/CL_0002179,Surface mucous cell,593,HGNC:534,ANXA10,2.559865092748735,https://api.cellxgene.cziscience.com/dp/v1/collections/f11cb29c-b546-4738-9bd8-66ea621a7bd5#Pat10$body%20of%20stomach
popv,http://purl.obolibrary.org/obo/CL_0002633,basal cell,655,ASCTB-TEMP:anxa10,ANXA10,2.828854420609023,https://api.cellxgene.cziscience.com/dp/v1/collections/6282a908-f162-44a2-99a3-8a942e4271b2#Salahudeen_Nat_2020_GSM2855474_Lung_1_1$alveolar%20sac
pan-human-azimuth,http://purl.obolibrary.org/obo/CL_0000786,Plasma cell,2,HGNC:534,ANXA10,0.5,https://api.cellxgene.cziscience.com/dp/v1/collections/c53573b2-eff4-4c5e-9ad0-b24d422dfd9b#R24_P2574$Brodmann%20(1909)%20area%204
pan-human-azimuth,http://purl.obolibrary.org/obo/CL_0000646,Basal cell of bladder,2,HGNC:534,ANXA10,1,https://api.cellxgene.cziscience.com/dp/v1/collections/9c9d04c4-8899-417f-bb6f-6107dcadf14f#D_080$cortex%20of%20kidney
popv,http://purl.obolibrary.org/obo/CL_0002633,basal cell,861,ASCTB-TEMP:anxa10,ANXA10,1.287047490649715,https://api.cellxgene.cziscience.com/dp/v1/collections/6282a908-f162-44a2-99a3-8a942e4271b2#He_Cell_2022_ASCL1_overexpression$lung
popv,http://purl.obolibrary.org/obo/CL_2000016,lung microvascular endothelial cell,2,ASCTB-TEMP:anxa10,ANXA10,2.788273505244247,https://entity.api.sennetconsortium.org/entities/5b2462b694f90b6d20ebff363e8989f4
popv,http://purl.obolibrary.org/obo/CL_2000016,lung microvascular endothelial cell,2,ASCTB-TEMP:anxa10,ANXA10,2.788273505244247,https://entity.api.sennetconsortium.org/entities/372e3ebd4c8d0b2a6318398b740bfb6a
popv,http://purl.obolibrary.org/obo/CL_0002633,basal cell,691,ASCTB-TEMP:anxa10,ANXA10,2.878450439847326,https://api.cellxgene.cziscience.com/dp/v1/collections/6282a908-f162-44a2-99a3-8a942e4271b2#Salahudeen_Nat_2020_GSM2855475_Lung_1_2$alveolar%20sac
popv,http://purl.obolibrary.org/obo/CL_0002633,basal cell,677,ASCTB-TEMP:anxa10,ANXA10,2.779873082765481,https://api.cellxgene.cziscience.com/dp/v1/collections/6282a908-f162-44a2-99a3-8a942e4271b2#Salahudeen_Nat_2020_GSM2855476_Lung_1_3$alveolar%20sac
popv,http://purl.obolibrary.org/obo/CL_0002633,basal cell,435,ASCTB-TEMP:anxa10,ANXA10,2.274510496984238,https://api.cellxgene.cziscience.com/dp/v1/collections/6282a908-f162-44a2-99a3-8a942e4271b2#Salahudeen_Nat_2020_GSM2855479_Lung_2_2$alveolar%20sac
popv,http://purl.obolibrary.org/obo/CL_0002062,type I pneumocyte,8,ASCTB-TEMP:anxa10,ANXA10,2.892988688545397,https://api.cellxgene.cziscience.com/dp/v1/collections/6282a908-f162-44a2-99a3-8a942e4271b2#He_Cell_2022_deltaNp63alpha_overexpression$lung
popv,http://purl.obolibrary.org/obo/CL_0002633,basal cell,461,ASCTB-TEMP:anxa10,ANXA10,2.224563202014547,https://api.cellxgene.cziscience.com/dp/v1/collections/6282a908-f162-44a2-99a3-8a942e4271b2#Salahudeen_Nat_2020_GSM2855478_Lung_2_1$alveolar%20sac
