sex,dataset,organ,cell_count,in_atlas,has_cell_summary,has_extraction_site,has_publication,in_high_quality_portal,portal,provider,study_paper,doi,lead_author
Male,https://api.cellxgene.cziscience.com/dp/v1/collections/62e8f058-9c37-48bc-9200-e767f318a8ec#RU1293$axilla,,77,false,true,false,true,false,CxG,CxG,HTAN MSK - Single cell profiling reveals novel tumor and myeloid subpopulations in small cell lung cancer,https://doi.org/10.1016/j.ccell.2021.09.008,Joseph M. Chan
Male,https://api.cellxgene.cziscience.com/dp/v1/collections/62e8f058-9c37-48bc-9200-e767f318a8ec#RU1195$lung,,53,false,true,false,true,false,CxG,CxG,HTAN MSK - Single cell profiling reveals novel tumor and myeloid subpopulations in small cell lung cancer,https://doi.org/10.1016/j.ccell.2021.09.008,Joseph M. Chan
Female,https://api.cellxgene.cziscience.com/dp/v1/collections/62e8f058-9c37-48bc-9200-e767f318a8ec#RU675$lung,,53,false,true,false,true,false,CxG,CxG,HTAN MSK - Single cell profiling reveals novel tumor and myeloid subpopulations in small cell lung cancer,https://doi.org/10.1016/j.ccell.2021.09.008,Joseph M. Chan
Male,https://api.cellxgene.cziscience.com/dp/v1/collections/62e8f058-9c37-48bc-9200-e767f318a8ec#RU1170$lung,,53,false,true,false,true,false,CxG,CxG,HTAN MSK - Single cell profiling reveals novel tumor and myeloid subpopulations in small cell lung cancer,https://doi.org/10.1016/j.ccell.2021.09.008,Joseph M. Chan
Female,https://api.cellxgene.cziscience.com/dp/v1/collections/62e8f058-9c37-48bc-9200-e767f318a8ec#RU676$lung,,53,false,true,false,true,false,CxG,CxG,HTAN MSK - Single cell profiling reveals novel tumor and myeloid subpopulations in small cell lung cancer,https://doi.org/10.1016/j.ccell.2021.09.008,Joseph M. Chan
Female,https://api.cellxgene.cziscience.com/dp/v1/collections/62e8f058-9c37-48bc-9200-e767f318a8ec#RU1137$lung,,53,false,true,false,true,false,CxG,CxG,HTAN MSK - Single cell profiling reveals novel tumor and myeloid subpopulations in small cell lung cancer,https://doi.org/10.1016/j.ccell.2021.09.008,Joseph M. Chan
Female,https://api.cellxgene.cziscience.com/dp/v1/collections/62e8f058-9c37-48bc-9200-e767f318a8ec#RU684$lung,,51,false,true,false,true,false,CxG,CxG,HTAN MSK - Single cell profiling reveals novel tumor and myeloid subpopulations in small cell lung cancer,https://doi.org/10.1016/j.ccell.2021.09.008,Joseph M. Chan
Female,https://api.cellxgene.cziscience.com/dp/v1/collections/62e8f058-9c37-48bc-9200-e767f318a8ec#RU255$brain,,48,false,true,false,true,false,CxG,CxG,HTAN MSK - Single cell profiling reveals novel tumor and myeloid subpopulations in small cell lung cancer,https://doi.org/10.1016/j.ccell.2021.09.008,Joseph M. Chan
Female,https://api.cellxgene.cziscience.com/dp/v1/collections/62e8f058-9c37-48bc-9200-e767f318a8ec#RU1080$adrenal%20gland,,48,false,true,false,true,false,CxG,CxG,HTAN MSK - Single cell profiling reveals novel tumor and myeloid subpopulations in small cell lung cancer,https://doi.org/10.1016/j.ccell.2021.09.008,Joseph M. Chan
Male,https://api.cellxgene.cziscience.com/dp/v1/collections/62e8f058-9c37-48bc-9200-e767f318a8ec#RU701$brain,,47,false,true,false,true,false,CxG,CxG,HTAN MSK - Single cell profiling reveals novel tumor and myeloid subpopulations in small cell lung cancer,https://doi.org/10.1016/j.ccell.2021.09.008,Joseph M. Chan
Female,https://api.cellxgene.cziscience.com/dp/v1/collections/62e8f058-9c37-48bc-9200-e767f318a8ec#RU1215$pleural%20effusion,,40,false,true,false,true,false,CxG,CxG,HTAN MSK - Single cell profiling reveals novel tumor and myeloid subpopulations in small cell lung cancer,https://doi.org/10.1016/j.ccell.2021.09.008,Joseph M. Chan
Female,https://api.cellxgene.cziscience.com/dp/v1/collections/62e8f058-9c37-48bc-9200-e767f318a8ec#RU699$adrenal%20gland,,39,false,true,false,true,false,CxG,CxG,HTAN MSK - Single cell profiling reveals novel tumor and myeloid subpopulations in small cell lung cancer,https://doi.org/10.1016/j.ccell.2021.09.008,Joseph M. Chan
Female,https://api.cellxgene.cziscience.com/dp/v1/collections/62e8f058-9c37-48bc-9200-e767f318a8ec#PleuralEffusion$pleural%20effusion,,36,false,true,false,true,false,CxG,CxG,HTAN MSK - Single cell profiling reveals novel tumor and myeloid subpopulations in small cell lung cancer,https://doi.org/10.1016/j.ccell.2021.09.008,Joseph M. Chan
Male,https://api.cellxgene.cziscience.com/dp/v1/collections/62e8f058-9c37-48bc-9200-e767f318a8ec#RU1134$lung,,34,false,true,false,true,false,CxG,CxG,HTAN MSK - Single cell profiling reveals novel tumor and myeloid subpopulations in small cell lung cancer,https://doi.org/10.1016/j.ccell.2021.09.008,Joseph M. Chan
Female,https://api.cellxgene.cziscience.com/dp/v1/collections/62e8f058-9c37-48bc-9200-e767f318a8ec#RU426$lung,,33,false,true,false,true,false,CxG,CxG,HTAN MSK - Single cell profiling reveals novel tumor and myeloid subpopulations in small cell lung cancer,https://doi.org/10.1016/j.ccell.2021.09.008,Joseph M. Chan
Male,https://api.cellxgene.cziscience.com/dp/v1/collections/62e8f058-9c37-48bc-9200-e767f318a8ec#RU682$lung,,33,false,true,false,true,false,CxG,CxG,HTAN MSK - Single cell profiling reveals novel tumor and myeloid subpopulations in small cell lung cancer,https://doi.org/10.1016/j.ccell.2021.09.008,Joseph M. Chan
Male,https://api.cellxgene.cziscience.com/dp/v1/collections/62e8f058-9c37-48bc-9200-e767f318a8ec#RU666$bone%20spine,,33,false,true,false,true,false,CxG,CxG,HTAN MSK - Single cell profiling reveals novel tumor and myeloid subpopulations in small cell lung cancer,https://doi.org/10.1016/j.ccell.2021.09.008,Joseph M. Chan
Female,https://api.cellxgene.cziscience.com/dp/v1/collections/62e8f058-9c37-48bc-9200-e767f318a8ec#RU1262$lung,,32,false,true,false,true,false,CxG,CxG,HTAN MSK - Single cell profiling reveals novel tumor and myeloid subpopulations in small cell lung cancer,https://doi.org/10.1016/j.ccell.2021.09.008,Joseph M. Chan
Female,https://api.cellxgene.cziscience.com/dp/v1/collections/62e8f058-9c37-48bc-9200-e767f318a8ec#RU1144$lung,,32,false,true,false,true,false,CxG,CxG,HTAN MSK - Single cell profiling reveals novel tumor and myeloid subpopulations in small cell lung cancer,https://doi.org/10.1016/j.ccell.2021.09.008,Joseph M. Chan
Male,https://api.cellxgene.cziscience.com/dp/v1/collections/62e8f058-9c37-48bc-9200-e767f318a8ec#RU1145$lung,,31,false,true,false,true,false,CxG,CxG,HTAN MSK - Single cell profiling reveals novel tumor and myeloid subpopulations in small cell lung cancer,https://doi.org/10.1016/j.ccell.2021.09.008,Joseph M. Chan
Male,https://api.cellxgene.cziscience.com/dp/v1/collections/62e8f058-9c37-48bc-9200-e767f318a8ec#RU1181$lung,,29,false,true,false,true,false,CxG,CxG,HTAN MSK - Single cell profiling reveals novel tumor and myeloid subpopulations in small cell lung cancer,https://doi.org/10.1016/j.ccell.2021.09.008,Joseph M. Chan
Female,https://api.cellxgene.cziscience.com/dp/v1/collections/62e8f058-9c37-48bc-9200-e767f318a8ec#RU681$brain,,29,false,true,false,true,false,CxG,CxG,HTAN MSK - Single cell profiling reveals novel tumor and myeloid subpopulations in small cell lung cancer,https://doi.org/10.1016/j.ccell.2021.09.008,Joseph M. Chan
Male,https://api.cellxgene.cziscience.com/dp/v1/collections/62e8f058-9c37-48bc-9200-e767f318a8ec#RU1135$lung,,29,false,true,false,true,false,CxG,CxG,HTAN MSK - Single cell profiling reveals novel tumor and myeloid subpopulations in small cell lung cancer,https://doi.org/10.1016/j.ccell.2021.09.008,Joseph M. Chan
Female,https://api.cellxgene.cziscience.com/dp/v1/collections/62e8f058-9c37-48bc-9200-e767f318a8ec#RU1057$lung,,28,false,true,false,true,false,CxG,CxG,HTAN MSK - Single cell profiling reveals novel tumor and myeloid subpopulations in small cell lung cancer,https://doi.org/10.1016/j.ccell.2021.09.008,Joseph M. Chan
Female,https://api.cellxgene.cziscience.com/dp/v1/collections/62e8f058-9c37-48bc-9200-e767f318a8ec#RU1128$lung,,27,false,true,false,true,false,CxG,CxG,HTAN MSK - Single cell profiling reveals novel tumor and myeloid subpopulations in small cell lung cancer,https://doi.org/10.1016/j.ccell.2021.09.008,Joseph M. Chan
Female,https://api.cellxgene.cziscience.com/dp/v1/collections/62e8f058-9c37-48bc-9200-e767f318a8ec#RU1229$lung,,25,false,true,false,true,false,CxG,CxG,HTAN MSK - Single cell profiling reveals novel tumor and myeloid subpopulations in small cell lung cancer,https://doi.org/10.1016/j.ccell.2021.09.008,Joseph M. Chan
Female,https://api.cellxgene.cziscience.com/dp/v1/collections/62e8f058-9c37-48bc-9200-e767f318a8ec#RU1038$lung,,24,false,true,false,true,false,CxG,CxG,HTAN MSK - Single cell profiling reveals novel tumor and myeloid subpopulations in small cell lung cancer,https://doi.org/10.1016/j.ccell.2021.09.008,Joseph M. Chan
Female,https://api.cellxgene.cziscience.com/dp/v1/collections/62e8f058-9c37-48bc-9200-e767f318a8ec#RU661$lung,,22,false,true,false,true,false,CxG,CxG,HTAN MSK - Single cell profiling reveals novel tumor and myeloid subpopulations in small cell lung cancer,https://doi.org/10.1016/j.ccell.2021.09.008,Joseph M. Chan
Female,https://api.cellxgene.cziscience.com/dp/v1/collections/62e8f058-9c37-48bc-9200-e767f318a8ec#RU1061$lung,,21,false,true,false,true,false,CxG,CxG,HTAN MSK - Single cell profiling reveals novel tumor and myeloid subpopulations in small cell lung cancer,https://doi.org/10.1016/j.ccell.2021.09.008,Joseph M. Chan
Female,https://api.cellxgene.cziscience.com/dp/v1/collections/62e8f058-9c37-48bc-9200-e767f318a8ec#RU1066$lung,,21,false,true,false,true,false,CxG,CxG,HTAN MSK - Single cell profiling reveals novel tumor and myeloid subpopulations in small cell lung cancer,https://doi.org/10.1016/j.ccell.2021.09.008,Joseph M. Chan
Female,https://api.cellxgene.cziscience.com/dp/v1/collections/62e8f058-9c37-48bc-9200-e767f318a8ec#RU1124$lymph%20node,,20,false,true,false,true,false,CxG,CxG,HTAN MSK - Single cell profiling reveals novel tumor and myeloid subpopulations in small cell lung cancer,https://doi.org/10.1016/j.ccell.2021.09.008,Joseph M. Chan
Male,https://api.cellxgene.cziscience.com/dp/v1/collections/62e8f058-9c37-48bc-9200-e767f318a8ec#RU685$lung,,20,false,true,false,true,false,CxG,CxG,HTAN MSK - Single cell profiling reveals novel tumor and myeloid subpopulations in small cell lung cancer,https://doi.org/10.1016/j.ccell.2021.09.008,Joseph M. Chan
Male,https://api.cellxgene.cziscience.com/dp/v1/collections/62e8f058-9c37-48bc-9200-e767f318a8ec#RU1181$lymph%20node,,19,false,true,false,true,false,CxG,CxG,HTAN MSK - Single cell profiling reveals novel tumor and myeloid subpopulations in small cell lung cancer,https://doi.org/10.1016/j.ccell.2021.09.008,Joseph M. Chan
Female,https://api.cellxgene.cziscience.com/dp/v1/collections/62e8f058-9c37-48bc-9200-e767f318a8ec#RU1144$lymph%20node,,18,false,true,false,true,false,CxG,CxG,HTAN MSK - Single cell profiling reveals novel tumor and myeloid subpopulations in small cell lung cancer,https://doi.org/10.1016/j.ccell.2021.09.008,Joseph M. Chan
Male,https://api.cellxgene.cziscience.com/dp/v1/collections/62e8f058-9c37-48bc-9200-e767f318a8ec#RU1231$lymph%20node,,18,false,true,false,true,false,CxG,CxG,HTAN MSK - Single cell profiling reveals novel tumor and myeloid subpopulations in small cell lung cancer,https://doi.org/10.1016/j.ccell.2021.09.008,Joseph M. Chan
Female,https://api.cellxgene.cziscience.com/dp/v1/collections/62e8f058-9c37-48bc-9200-e767f318a8ec#RU1108$lung,,16,false,true,false,true,false,CxG,CxG,HTAN MSK - Single cell profiling reveals novel tumor and myeloid subpopulations in small cell lung cancer,https://doi.org/10.1016/j.ccell.2021.09.008,Joseph M. Chan
Male,https://api.cellxgene.cziscience.com/dp/v1/collections/62e8f058-9c37-48bc-9200-e767f318a8ec#RU1152$lymph%20node,,16,false,true,false,true,false,CxG,CxG,HTAN MSK - Single cell profiling reveals novel tumor and myeloid subpopulations in small cell lung cancer,https://doi.org/10.1016/j.ccell.2021.09.008,Joseph M. Chan
Male,https://api.cellxgene.cziscience.com/dp/v1/collections/62e8f058-9c37-48bc-9200-e767f318a8ec#RU1322$lymph%20node,,16,false,true,false,true,false,CxG,CxG,HTAN MSK - Single cell profiling reveals novel tumor and myeloid subpopulations in small cell lung cancer,https://doi.org/10.1016/j.ccell.2021.09.008,Joseph M. Chan
Male,https://api.cellxgene.cziscience.com/dp/v1/collections/62e8f058-9c37-48bc-9200-e767f318a8ec#RU779$liver,,15,false,true,false,true,false,CxG,CxG,HTAN MSK - Single cell profiling reveals novel tumor and myeloid subpopulations in small cell lung cancer,https://doi.org/10.1016/j.ccell.2021.09.008,Joseph M. Chan
Female,https://api.cellxgene.cziscience.com/dp/v1/collections/62e8f058-9c37-48bc-9200-e767f318a8ec#RU1065$liver,,15,false,true,false,true,false,CxG,CxG,HTAN MSK - Single cell profiling reveals novel tumor and myeloid subpopulations in small cell lung cancer,https://doi.org/10.1016/j.ccell.2021.09.008,Joseph M. Chan
Male,https://api.cellxgene.cziscience.com/dp/v1/collections/62e8f058-9c37-48bc-9200-e767f318a8ec#RU1138$liver,,15,false,true,false,true,false,CxG,CxG,HTAN MSK - Single cell profiling reveals novel tumor and myeloid subpopulations in small cell lung cancer,https://doi.org/10.1016/j.ccell.2021.09.008,Joseph M. Chan
Male,https://api.cellxgene.cziscience.com/dp/v1/collections/62e8f058-9c37-48bc-9200-e767f318a8ec#RU1271$lung,,,false,false,false,true,false,CxG,CxG,HTAN MSK - Single cell profiling reveals novel tumor and myeloid subpopulations in small cell lung cancer,https://doi.org/10.1016/j.ccell.2021.09.008,Joseph M. Chan
Female,https://api.cellxgene.cziscience.com/dp/v1/collections/62e8f058-9c37-48bc-9200-e767f318a8ec#RU1311$lung,,,false,false,false,true,false,CxG,CxG,HTAN MSK - Single cell profiling reveals novel tumor and myeloid subpopulations in small cell lung cancer,https://doi.org/10.1016/j.ccell.2021.09.008,Joseph M. Chan
Female,https://api.cellxgene.cziscience.com/dp/v1/collections/62e8f058-9c37-48bc-9200-e767f318a8ec#RU653$lung,,,false,false,false,true,false,CxG,CxG,HTAN MSK - Single cell profiling reveals novel tumor and myeloid subpopulations in small cell lung cancer,https://doi.org/10.1016/j.ccell.2021.09.008,Joseph M. Chan
Male,https://api.cellxgene.cziscience.com/dp/v1/collections/a48f5033-3438-4550-8574-cdff3263fdfd#HTA11_10167$ascending%20colon,,,false,false,false,true,false,CxG,CxG,HTAN VUMC - Differential pre-malignant programs and microenvironment chart distinct paths to malignancy in human colorectal polyps,https://doi.org/10.1016/j.cell.2021.11.031,Bob Chen
Male,https://api.cellxgene.cziscience.com/dp/v1/collections/a48f5033-3438-4550-8574-cdff3263fdfd#HTA11_104$transverse%20colon,,,false,false,false,true,false,CxG,CxG,HTAN VUMC - Differential pre-malignant programs and microenvironment chart distinct paths to malignancy in human colorectal polyps,https://doi.org/10.1016/j.cell.2021.11.031,Bob Chen
Male,https://api.cellxgene.cziscience.com/dp/v1/collections/a48f5033-3438-4550-8574-cdff3263fdfd#HTA11_10623$hepatic%20flexure%20of%20colon,,,false,false,false,true,false,CxG,CxG,HTAN VUMC - Differential pre-malignant programs and microenvironment chart distinct paths to malignancy in human colorectal polyps,https://doi.org/10.1016/j.cell.2021.11.031,Bob Chen
Female,https://api.cellxgene.cziscience.com/dp/v1/collections/a48f5033-3438-4550-8574-cdff3263fdfd#HTA11_10711$hepatic%20cecum,,,false,false,false,true,false,CxG,CxG,HTAN VUMC - Differential pre-malignant programs and microenvironment chart distinct paths to malignancy in human colorectal polyps,https://doi.org/10.1016/j.cell.2021.11.031,Bob Chen
Female,https://api.cellxgene.cziscience.com/dp/v1/collections/a48f5033-3438-4550-8574-cdff3263fdfd#HTA11_11156$sigmoid%20colon,,,false,false,false,true,false,CxG,CxG,HTAN VUMC - Differential pre-malignant programs and microenvironment chart distinct paths to malignancy in human colorectal polyps,https://doi.org/10.1016/j.cell.2021.11.031,Bob Chen
Female,https://api.cellxgene.cziscience.com/dp/v1/collections/a48f5033-3438-4550-8574-cdff3263fdfd#HTA11_11167$sigmoid%20colon,,,false,false,false,true,false,CxG,CxG,HTAN VUMC - Differential pre-malignant programs and microenvironment chart distinct paths to malignancy in human colorectal polyps,https://doi.org/10.1016/j.cell.2021.11.031,Bob Chen
Male,https://api.cellxgene.cziscience.com/dp/v1/collections/a48f5033-3438-4550-8574-cdff3263fdfd#HTA11_1391$ascending%20colon,,,false,false,false,true,false,CxG,CxG,HTAN VUMC - Differential pre-malignant programs and microenvironment chart distinct paths to malignancy in human colorectal polyps,https://doi.org/10.1016/j.cell.2021.11.031,Bob Chen
Female,https://api.cellxgene.cziscience.com/dp/v1/collections/a48f5033-3438-4550-8574-cdff3263fdfd#HTA11_1938$hepatic%20cecum,,,false,false,false,true,false,CxG,CxG,HTAN VUMC - Differential pre-malignant programs and microenvironment chart distinct paths to malignancy in human colorectal polyps,https://doi.org/10.1016/j.cell.2021.11.031,Bob Chen
Female,https://api.cellxgene.cziscience.com/dp/v1/collections/a48f5033-3438-4550-8574-cdff3263fdfd#HTA11_2112$sigmoid%20colon,,,false,false,false,true,false,CxG,CxG,HTAN VUMC - Differential pre-malignant programs and microenvironment chart distinct paths to malignancy in human colorectal polyps,https://doi.org/10.1016/j.cell.2021.11.031,Bob Chen
Female,https://api.cellxgene.cziscience.com/dp/v1/collections/a48f5033-3438-4550-8574-cdff3263fdfd#HTA11_2235$hepatic%20flexure%20of%20colon,,,false,false,false,true,false,CxG,CxG,HTAN VUMC - Differential pre-malignant programs and microenvironment chart distinct paths to malignancy in human colorectal polyps,https://doi.org/10.1016/j.cell.2021.11.031,Bob Chen
Female,https://api.cellxgene.cziscience.com/dp/v1/collections/a48f5033-3438-4550-8574-cdff3263fdfd#HTA11_2487$ascending%20colon,,,false,false,false,true,false,CxG,CxG,HTAN VUMC - Differential pre-malignant programs and microenvironment chart distinct paths to malignancy in human colorectal polyps,https://doi.org/10.1016/j.cell.2021.11.031,Bob Chen
Female,https://api.cellxgene.cziscience.com/dp/v1/collections/a48f5033-3438-4550-8574-cdff3263fdfd#HTA11_2951$ascending%20colon,,,false,false,false,true,false,CxG,CxG,HTAN VUMC - Differential pre-malignant programs and microenvironment chart distinct paths to malignancy in human colorectal polyps,https://doi.org/10.1016/j.cell.2021.11.031,Bob Chen
Male,https://api.cellxgene.cziscience.com/dp/v1/collections/a48f5033-3438-4550-8574-cdff3263fdfd#HTA11_2992$sigmoid%20colon,,,false,false,false,true,false,CxG,CxG,HTAN VUMC - Differential pre-malignant programs and microenvironment chart distinct paths to malignancy in human colorectal polyps,https://doi.org/10.1016/j.cell.2021.11.031,Bob Chen
Female,https://api.cellxgene.cziscience.com/dp/v1/collections/a48f5033-3438-4550-8574-cdff3263fdfd#HTA11_3077$ascending%20colon,,,false,false,false,true,false,CxG,CxG,HTAN VUMC - Differential pre-malignant programs and microenvironment chart distinct paths to malignancy in human colorectal polyps,https://doi.org/10.1016/j.cell.2021.11.031,Bob Chen
Male,https://api.cellxgene.cziscience.com/dp/v1/collections/a48f5033-3438-4550-8574-cdff3263fdfd#HTA11_3252$ascending%20colon,,,false,false,false,true,false,CxG,CxG,HTAN VUMC - Differential pre-malignant programs and microenvironment chart distinct paths to malignancy in human colorectal polyps,https://doi.org/10.1016/j.cell.2021.11.031,Bob Chen
Male,https://api.cellxgene.cziscience.com/dp/v1/collections/a48f5033-3438-4550-8574-cdff3263fdfd#HTA11_3331$hepatic%20cecum,,,false,false,false,true,false,CxG,CxG,HTAN VUMC - Differential pre-malignant programs and microenvironment chart distinct paths to malignancy in human colorectal polyps,https://doi.org/10.1016/j.cell.2021.11.031,Bob Chen
Male,https://api.cellxgene.cziscience.com/dp/v1/collections/a48f5033-3438-4550-8574-cdff3263fdfd#HTA11_3361$ascending%20colon,,,false,false,false,true,false,CxG,CxG,HTAN VUMC - Differential pre-malignant programs and microenvironment chart distinct paths to malignancy in human colorectal polyps,https://doi.org/10.1016/j.cell.2021.11.031,Bob Chen
Male,https://api.cellxgene.cziscience.com/dp/v1/collections/a48f5033-3438-4550-8574-cdff3263fdfd#HTA11_3410$transverse%20colon,,,false,false,false,true,false,CxG,CxG,HTAN VUMC - Differential pre-malignant programs and microenvironment chart distinct paths to malignancy in human colorectal polyps,https://doi.org/10.1016/j.cell.2021.11.031,Bob Chen
Female,https://api.cellxgene.cziscience.com/dp/v1/collections/a48f5033-3438-4550-8574-cdff3263fdfd#HTA11_347$descending%20colon,,,false,false,false,true,false,CxG,CxG,HTAN VUMC - Differential pre-malignant programs and microenvironment chart distinct paths to malignancy in human colorectal polyps,https://doi.org/10.1016/j.cell.2021.11.031,Bob Chen
Female,https://api.cellxgene.cziscience.com/dp/v1/collections/a48f5033-3438-4550-8574-cdff3263fdfd#HTA11_377$sigmoid%20colon,,,false,false,false,true,false,CxG,CxG,HTAN VUMC - Differential pre-malignant programs and microenvironment chart distinct paths to malignancy in human colorectal polyps,https://doi.org/10.1016/j.cell.2021.11.031,Bob Chen
Female,https://api.cellxgene.cziscience.com/dp/v1/collections/a48f5033-3438-4550-8574-cdff3263fdfd#HTA11_3918$ascending%20colon,,,false,false,false,true,false,CxG,CxG,HTAN VUMC - Differential pre-malignant programs and microenvironment chart distinct paths to malignancy in human colorectal polyps,https://doi.org/10.1016/j.cell.2021.11.031,Bob Chen
Female,https://api.cellxgene.cziscience.com/dp/v1/collections/a48f5033-3438-4550-8574-cdff3263fdfd#HTA11_392$hepatic%20cecum,,,false,false,false,true,false,CxG,CxG,HTAN VUMC - Differential pre-malignant programs and microenvironment chart distinct paths to malignancy in human colorectal polyps,https://doi.org/10.1016/j.cell.2021.11.031,Bob Chen
Female,https://api.cellxgene.cziscience.com/dp/v1/collections/a48f5033-3438-4550-8574-cdff3263fdfd#HTA11_411$rectum,,,false,false,false,true,false,CxG,CxG,HTAN VUMC - Differential pre-malignant programs and microenvironment chart distinct paths to malignancy in human colorectal polyps,https://doi.org/10.1016/j.cell.2021.11.031,Bob Chen
Male,https://api.cellxgene.cziscience.com/dp/v1/collections/a48f5033-3438-4550-8574-cdff3263fdfd#HTA11_4255$transverse%20colon,,,false,false,false,true,false,CxG,CxG,HTAN VUMC - Differential pre-malignant programs and microenvironment chart distinct paths to malignancy in human colorectal polyps,https://doi.org/10.1016/j.cell.2021.11.031,Bob Chen
Male,https://api.cellxgene.cziscience.com/dp/v1/collections/a48f5033-3438-4550-8574-cdff3263fdfd#HTA11_5212$rectum,,,false,false,false,true,false,CxG,CxG,HTAN VUMC - Differential pre-malignant programs and microenvironment chart distinct paths to malignancy in human colorectal polyps,https://doi.org/10.1016/j.cell.2021.11.031,Bob Chen
Female,https://api.cellxgene.cziscience.com/dp/v1/collections/a48f5033-3438-4550-8574-cdff3263fdfd#HTA11_5216$sigmoid%20colon,,,false,false,false,true,false,CxG,CxG,HTAN VUMC - Differential pre-malignant programs and microenvironment chart distinct paths to malignancy in human colorectal polyps,https://doi.org/10.1016/j.cell.2021.11.031,Bob Chen
Female,https://api.cellxgene.cziscience.com/dp/v1/collections/a48f5033-3438-4550-8574-cdff3263fdfd#HTA11_5363$sigmoid%20colon,,,false,false,false,true,false,CxG,CxG,HTAN VUMC - Differential pre-malignant programs and microenvironment chart distinct paths to malignancy in human colorectal polyps,https://doi.org/10.1016/j.cell.2021.11.031,Bob Chen
Male,https://api.cellxgene.cziscience.com/dp/v1/collections/a48f5033-3438-4550-8574-cdff3263fdfd#HTA11_546$transverse%20colon,,,false,false,false,true,false,CxG,CxG,HTAN VUMC - Differential pre-malignant programs and microenvironment chart distinct paths to malignancy in human colorectal polyps,https://doi.org/10.1016/j.cell.2021.11.031,Bob Chen
Male,https://api.cellxgene.cziscience.com/dp/v1/collections/a48f5033-3438-4550-8574-cdff3263fdfd#HTA11_5994$ascending%20colon,,,false,false,false,true,false,CxG,CxG,HTAN VUMC - Differential pre-malignant programs and microenvironment chart distinct paths to malignancy in human colorectal polyps,https://doi.org/10.1016/j.cell.2021.11.031,Bob Chen
Male,https://api.cellxgene.cziscience.com/dp/v1/collections/a48f5033-3438-4550-8574-cdff3263fdfd#HTA11_6025$ascending%20colon,,,false,false,false,true,false,CxG,CxG,HTAN VUMC - Differential pre-malignant programs and microenvironment chart distinct paths to malignancy in human colorectal polyps,https://doi.org/10.1016/j.cell.2021.11.031,Bob Chen
Male,https://api.cellxgene.cziscience.com/dp/v1/collections/a48f5033-3438-4550-8574-cdff3263fdfd#HTA11_6134$sigmoid%20colon,,,false,false,false,true,false,CxG,CxG,HTAN VUMC - Differential pre-malignant programs and microenvironment chart distinct paths to malignancy in human colorectal polyps,https://doi.org/10.1016/j.cell.2021.11.031,Bob Chen
Male,https://api.cellxgene.cziscience.com/dp/v1/collections/a48f5033-3438-4550-8574-cdff3263fdfd#HTA11_6147$sigmoid%20colon,,,false,false,false,true,false,CxG,CxG,HTAN VUMC - Differential pre-malignant programs and microenvironment chart distinct paths to malignancy in human colorectal polyps,https://doi.org/10.1016/j.cell.2021.11.031,Bob Chen
Male,https://api.cellxgene.cziscience.com/dp/v1/collections/a48f5033-3438-4550-8574-cdff3263fdfd#HTA11_6182$descending%20colon,,,false,false,false,true,false,CxG,CxG,HTAN VUMC - Differential pre-malignant programs and microenvironment chart distinct paths to malignancy in human colorectal polyps,https://doi.org/10.1016/j.cell.2021.11.031,Bob Chen
Male,https://api.cellxgene.cziscience.com/dp/v1/collections/a48f5033-3438-4550-8574-cdff3263fdfd#HTA11_6298$transverse%20colon,,,false,false,false,true,false,CxG,CxG,HTAN VUMC - Differential pre-malignant programs and microenvironment chart distinct paths to malignancy in human colorectal polyps,https://doi.org/10.1016/j.cell.2021.11.031,Bob Chen
Male,https://api.cellxgene.cziscience.com/dp/v1/collections/a48f5033-3438-4550-8574-cdff3263fdfd#HTA11_6310$descending%20colon,,,false,false,false,true,false,CxG,CxG,HTAN VUMC - Differential pre-malignant programs and microenvironment chart distinct paths to malignancy in human colorectal polyps,https://doi.org/10.1016/j.cell.2021.11.031,Bob Chen
Male,https://api.cellxgene.cziscience.com/dp/v1/collections/a48f5033-3438-4550-8574-cdff3263fdfd#HTA11_6801$sigmoid%20colon,,,false,false,false,true,false,CxG,CxG,HTAN VUMC - Differential pre-malignant programs and microenvironment chart distinct paths to malignancy in human colorectal polyps,https://doi.org/10.1016/j.cell.2021.11.031,Bob Chen
Male,https://api.cellxgene.cziscience.com/dp/v1/collections/a48f5033-3438-4550-8574-cdff3263fdfd#HTA11_6818$descending%20colon,,,false,false,false,true,false,CxG,CxG,HTAN VUMC - Differential pre-malignant programs and microenvironment chart distinct paths to malignancy in human colorectal polyps,https://doi.org/10.1016/j.cell.2021.11.031,Bob Chen
Male,https://api.cellxgene.cziscience.com/dp/v1/collections/a48f5033-3438-4550-8574-cdff3263fdfd#HTA11_696$sigmoid%20colon,,,false,false,false,true,false,CxG,CxG,HTAN VUMC - Differential pre-malignant programs and microenvironment chart distinct paths to malignancy in human colorectal polyps,https://doi.org/10.1016/j.cell.2021.11.031,Bob Chen
Female,https://api.cellxgene.cziscience.com/dp/v1/collections/a48f5033-3438-4550-8574-cdff3263fdfd#HTA11_7029$ascending%20colon,,,false,false,false,true,false,CxG,CxG,HTAN VUMC - Differential pre-malignant programs and microenvironment chart distinct paths to malignancy in human colorectal polyps,https://doi.org/10.1016/j.cell.2021.11.031,Bob Chen
Female,https://api.cellxgene.cziscience.com/dp/v1/collections/a48f5033-3438-4550-8574-cdff3263fdfd#HTA11_7128$rectum,,,false,false,false,true,false,CxG,CxG,HTAN VUMC - Differential pre-malignant programs and microenvironment chart distinct paths to malignancy in human colorectal polyps,https://doi.org/10.1016/j.cell.2021.11.031,Bob Chen
Male,https://api.cellxgene.cziscience.com/dp/v1/collections/a48f5033-3438-4550-8574-cdff3263fdfd#HTA11_7179$descending%20colon,,,false,false,false,true,false,CxG,CxG,HTAN VUMC - Differential pre-malignant programs and microenvironment chart distinct paths to malignancy in human colorectal polyps,https://doi.org/10.1016/j.cell.2021.11.031,Bob Chen
Female,https://api.cellxgene.cziscience.com/dp/v1/collections/a48f5033-3438-4550-8574-cdff3263fdfd#HTA11_7469$transverse%20colon,,,false,false,false,true,false,CxG,CxG,HTAN VUMC - Differential pre-malignant programs and microenvironment chart distinct paths to malignancy in human colorectal polyps,https://doi.org/10.1016/j.cell.2021.11.031,Bob Chen
Male,https://api.cellxgene.cziscience.com/dp/v1/collections/a48f5033-3438-4550-8574-cdff3263fdfd#HTA11_7663$hepatic%20cecum,,,false,false,false,true,false,CxG,CxG,HTAN VUMC - Differential pre-malignant programs and microenvironment chart distinct paths to malignancy in human colorectal polyps,https://doi.org/10.1016/j.cell.2021.11.031,Bob Chen
Male,https://api.cellxgene.cziscience.com/dp/v1/collections/a48f5033-3438-4550-8574-cdff3263fdfd#HTA11_7696$hepatic%20cecum,,,false,false,false,true,false,CxG,CxG,HTAN VUMC - Differential pre-malignant programs and microenvironment chart distinct paths to malignancy in human colorectal polyps,https://doi.org/10.1016/j.cell.2021.11.031,Bob Chen
Male,https://api.cellxgene.cziscience.com/dp/v1/collections/a48f5033-3438-4550-8574-cdff3263fdfd#HTA11_78$descending%20colon,,,false,false,false,true,false,CxG,CxG,HTAN VUMC - Differential pre-malignant programs and microenvironment chart distinct paths to malignancy in human colorectal polyps,https://doi.org/10.1016/j.cell.2021.11.031,Bob Chen
Male,https://api.cellxgene.cziscience.com/dp/v1/collections/a48f5033-3438-4550-8574-cdff3263fdfd#HTA11_7862$sigmoid%20colon,,,false,false,false,true,false,CxG,CxG,HTAN VUMC - Differential pre-malignant programs and microenvironment chart distinct paths to malignancy in human colorectal polyps,https://doi.org/10.1016/j.cell.2021.11.031,Bob Chen
Male,https://api.cellxgene.cziscience.com/dp/v1/collections/a48f5033-3438-4550-8574-cdff3263fdfd#HTA11_7956$ascending%20colon,,,false,false,false,true,false,CxG,CxG,HTAN VUMC - Differential pre-malignant programs and microenvironment chart distinct paths to malignancy in human colorectal polyps,https://doi.org/10.1016/j.cell.2021.11.031,Bob Chen
Female,https://api.cellxgene.cziscience.com/dp/v1/collections/a48f5033-3438-4550-8574-cdff3263fdfd#HTA11_8099$transverse%20colon,,,false,false,false,true,false,CxG,CxG,HTAN VUMC - Differential pre-malignant programs and microenvironment chart distinct paths to malignancy in human colorectal polyps,https://doi.org/10.1016/j.cell.2021.11.031,Bob Chen
Male,https://api.cellxgene.cziscience.com/dp/v1/collections/a48f5033-3438-4550-8574-cdff3263fdfd#HTA11_83$hepatic%20cecum,,,false,false,false,true,false,CxG,CxG,HTAN VUMC - Differential pre-malignant programs and microenvironment chart distinct paths to malignancy in human colorectal polyps,https://doi.org/10.1016/j.cell.2021.11.031,Bob Chen
Female,https://api.cellxgene.cziscience.com/dp/v1/collections/a48f5033-3438-4550-8574-cdff3263fdfd#HTA11_8504$ascending%20colon,,,false,false,false,true,false,CxG,CxG,HTAN VUMC - Differential pre-malignant programs and microenvironment chart distinct paths to malignancy in human colorectal polyps,https://doi.org/10.1016/j.cell.2021.11.031,Bob Chen
Female,https://api.cellxgene.cziscience.com/dp/v1/collections/a48f5033-3438-4550-8574-cdff3263fdfd#HTA11_8622$ascending%20colon,,,false,false,false,true,false,CxG,CxG,HTAN VUMC - Differential pre-malignant programs and microenvironment chart distinct paths to malignancy in human colorectal polyps,https://doi.org/10.1016/j.cell.2021.11.031,Bob Chen
Male,https://api.cellxgene.cziscience.com/dp/v1/collections/a48f5033-3438-4550-8574-cdff3263fdfd#HTA11_866$descending%20colon,,,false,false,false,true,false,CxG,CxG,HTAN VUMC - Differential pre-malignant programs and microenvironment chart distinct paths to malignancy in human colorectal polyps,https://doi.org/10.1016/j.cell.2021.11.031,Bob Chen
Female,https://api.cellxgene.cziscience.com/dp/v1/collections/a48f5033-3438-4550-8574-cdff3263fdfd#HTA11_8920$descending%20colon,,,false,false,false,true,false,CxG,CxG,HTAN VUMC - Differential pre-malignant programs and microenvironment chart distinct paths to malignancy in human colorectal polyps,https://doi.org/10.1016/j.cell.2021.11.031,Bob Chen
Male,https://api.cellxgene.cziscience.com/dp/v1/collections/a48f5033-3438-4550-8574-cdff3263fdfd#HTA11_9341$ascending%20colon,,,false,false,false,true,false,CxG,CxG,HTAN VUMC - Differential pre-malignant programs and microenvironment chart distinct paths to malignancy in human colorectal polyps,https://doi.org/10.1016/j.cell.2021.11.031,Bob Chen
Male,https://api.cellxgene.cziscience.com/dp/v1/collections/a48f5033-3438-4550-8574-cdff3263fdfd#HTA11_9408$ascending%20colon,,,false,false,false,true,false,CxG,CxG,HTAN VUMC - Differential pre-malignant programs and microenvironment chart distinct paths to malignancy in human colorectal polyps,https://doi.org/10.1016/j.cell.2021.11.031,Bob Chen
Male,https://api.cellxgene.cziscience.com/dp/v1/collections/a48f5033-3438-4550-8574-cdff3263fdfd#HTA11_99999965062$hepatic%20cecum,,,false,false,false,true,false,CxG,CxG,HTAN VUMC - Differential pre-malignant programs and microenvironment chart distinct paths to malignancy in human colorectal polyps,https://doi.org/10.1016/j.cell.2021.11.031,Bob Chen
Male,https://api.cellxgene.cziscience.com/dp/v1/collections/a48f5033-3438-4550-8574-cdff3263fdfd#HTA11_99999971662_82457$sigmoid%20colon,,,false,false,false,true,false,CxG,CxG,HTAN VUMC - Differential pre-malignant programs and microenvironment chart distinct paths to malignancy in human colorectal polyps,https://doi.org/10.1016/j.cell.2021.11.031,Bob Chen
Female,https://api.cellxgene.cziscience.com/dp/v1/collections/a48f5033-3438-4550-8574-cdff3263fdfd#HTA11_99999973458_83798$ascending%20colon,,,false,false,false,true,false,CxG,CxG,HTAN VUMC - Differential pre-malignant programs and microenvironment chart distinct paths to malignancy in human colorectal polyps,https://doi.org/10.1016/j.cell.2021.11.031,Bob Chen
Female,https://api.cellxgene.cziscience.com/dp/v1/collections/a48f5033-3438-4550-8574-cdff3263fdfd#HTA11_99999973899_84307$sigmoid%20colon,,,false,false,false,true,false,CxG,CxG,HTAN VUMC - Differential pre-malignant programs and microenvironment chart distinct paths to malignancy in human colorectal polyps,https://doi.org/10.1016/j.cell.2021.11.031,Bob Chen
Male,https://api.cellxgene.cziscience.com/dp/v1/collections/a48f5033-3438-4550-8574-cdff3263fdfd#HTA11_99999974143_84620$descending%20colon,,,false,false,false,true,false,CxG,CxG,HTAN VUMC - Differential pre-malignant programs and microenvironment chart distinct paths to malignancy in human colorectal polyps,https://doi.org/10.1016/j.cell.2021.11.031,Bob Chen
