organ,cell_id,cell_label,biomarker_label,biomarker_id,max_expr
mesenteric lymph node,http://purl.obolibrary.org/obo/CL_0000084,T cell,MALAT1,ASCTB-TEMP:malat1,7.723395319040889
mesenteric lymph node,http://purl.obolibrary.org/obo/CL_0000084,T cell,HIVEP2,ASCTB-TEMP:hivep2,3.551944966810432
mesenteric lymph node,http://purl.obolibrary.org/obo/CL_0000084,T cell,SMARCA2,ASCTB-TEMP:smarca2,3.140955048539206
mesenteric lymph node,http://purl.obolibrary.org/obo/CL_0000084,T cell,IL7R,ASCTB-TEMP:il7r,2.939625891700795
mesenteric lymph node,http://purl.obolibrary.org/obo/CL_0000084,T cell,TSHZ2,ASCTB-TEMP:tshz2,2.751362171402745
mesenteric lymph node,http://purl.obolibrary.org/obo/CL_0000084,T cell,CD247,ASCTB-TEMP:cd247,2.623996728990453
mesenteric lymph node,http://purl.obolibrary.org/obo/CL_0000084,T cell,IQGAP2,ASCTB-TEMP:iqgap2,2.615510902107027
mesenteric lymph node,http://purl.obolibrary.org/obo/CL_0000084,T cell,CYTIP,ASCTB-TEMP:cytip,2.411307440198758
mesenteric lymph node,http://purl.obolibrary.org/obo/CL_0000084,T cell,RASGRF2,ASCTB-TEMP:rasgrf2,1.933861149870508
mesenteric lymph node,http://purl.obolibrary.org/obo/CL_0000084,T cell,SIDT1,ASCTB-TEMP:sidt1,1.435228913237754
mesenteric lymph node,http://purl.obolibrary.org/obo/CL_0000115,endothelial cell,RBMS3,ASCTB-TEMP:rbms3,4.226877038504069
mesenteric lymph node,http://purl.obolibrary.org/obo/CL_0000115,endothelial cell,NFIB,ASCTB-TEMP:nfib,3.745418933572831
mesenteric lymph node,http://purl.obolibrary.org/obo/CL_0000115,endothelial cell,NFIA,ASCTB-TEMP:nfia,3.434395594482832
mesenteric lymph node,http://purl.obolibrary.org/obo/CL_0000115,endothelial cell,TCF4,ASCTB-TEMP:tcf4,3.39467688127354
mesenteric lymph node,http://purl.obolibrary.org/obo/CL_0000115,endothelial cell,RBPMS,ASCTB-TEMP:rbpms,3.058644465938235
mesenteric lymph node,http://purl.obolibrary.org/obo/CL_0000115,endothelial cell,MAGI1,ASCTB-TEMP:magi1,3.052575373590176
mesenteric lymph node,http://purl.obolibrary.org/obo/CL_0000115,endothelial cell,FBXL7,ASCTB-TEMP:fbxl7,2.983809142178161
mesenteric lymph node,http://purl.obolibrary.org/obo/CL_0000115,endothelial cell,LIFR,ASCTB-TEMP:lifr,2.89159558502404
mesenteric lymph node,http://purl.obolibrary.org/obo/CL_0000115,endothelial cell,PLCB4,ASCTB-TEMP:plcb4,2.343782826689736
mesenteric lymph node,http://purl.obolibrary.org/obo/CL_0000115,endothelial cell,RAI14,ASCTB-TEMP:rai14,2.316774328582174
mesenteric lymph node,http://purl.obolibrary.org/obo/CL_0000232,erythrocyte,RBMS3,ASCTB-TEMP:rbms3,4.580652390619765
mesenteric lymph node,http://purl.obolibrary.org/obo/CL_0000232,erythrocyte,CAMK2D,ASCTB-TEMP:camk2d,4.284920071280927
mesenteric lymph node,http://purl.obolibrary.org/obo/CL_0000232,erythrocyte,TNC,ASCTB-TEMP:tnc,3.830244624912042
mesenteric lymph node,http://purl.obolibrary.org/obo/CL_0000232,erythrocyte,CALD1,ASCTB-TEMP:cald1,3.419724911856032
mesenteric lymph node,http://purl.obolibrary.org/obo/CL_0000232,erythrocyte,DLC1,ASCTB-TEMP:dlc1,3.390676886367851
mesenteric lymph node,http://purl.obolibrary.org/obo/CL_0000232,erythrocyte,SYNPO2,ASCTB-TEMP:synpo2,3.295494856635115
mesenteric lymph node,http://purl.obolibrary.org/obo/CL_0000232,erythrocyte,NRP1,ASCTB-TEMP:nrp1,3.181218822661039
mesenteric lymph node,http://purl.obolibrary.org/obo/CL_0000232,erythrocyte,THBS1,ASCTB-TEMP:thbs1,3.157959701434391
mesenteric lymph node,http://purl.obolibrary.org/obo/CL_0000232,erythrocyte,GHR,ASCTB-TEMP:ghr,3.157309949625882
mesenteric lymph node,http://purl.obolibrary.org/obo/CL_0000232,erythrocyte,SULF1,ASCTB-TEMP:sulf1,3.010358409107524
mesenteric lymph node,http://purl.obolibrary.org/obo/CL_0000235,macrophage,KCNMA1,ASCTB-TEMP:kcnma1,4.958539817657845
mesenteric lymph node,http://purl.obolibrary.org/obo/CL_0000235,macrophage,FRMD4B,ASCTB-TEMP:frmd4b,4.701308652413928
mesenteric lymph node,http://purl.obolibrary.org/obo/CL_0000235,macrophage,ZEB2,ASCTB-TEMP:zeb2,4.640708664222646
mesenteric lymph node,http://purl.obolibrary.org/obo/CL_0000235,macrophage,SLC8A1,ASCTB-TEMP:slc8a1,4.512520395695896
mesenteric lymph node,http://purl.obolibrary.org/obo/CL_0000235,macrophage,SAT1,ASCTB-TEMP:sat1,4.402862845660763
mesenteric lymph node,http://purl.obolibrary.org/obo/CL_0000235,macrophage,DMXL2,ASCTB-TEMP:dmxl2,4.11562412645406
mesenteric lymph node,http://purl.obolibrary.org/obo/CL_0000235,macrophage,RBM47,ASCTB-TEMP:rbm47,3.940287632799634
mesenteric lymph node,http://purl.obolibrary.org/obo/CL_0000235,macrophage,DST,ASCTB-TEMP:dst,3.754215047866299
mesenteric lymph node,http://purl.obolibrary.org/obo/CL_0000235,macrophage,FCHO2,ASCTB-TEMP:fcho2,3.648822754021221
mesenteric lymph node,http://purl.obolibrary.org/obo/CL_0000235,macrophage,MITF,ASCTB-TEMP:mitf,3.440242524060804
mesenteric lymph node,http://purl.obolibrary.org/obo/CL_0000236,B cell,FCHSD2,ASCTB-TEMP:fchsd2,4.182878310888691
mesenteric lymph node,http://purl.obolibrary.org/obo/CL_0000236,B cell,VOPP1,ASCTB-TEMP:vopp1,3.730202834210234
mesenteric lymph node,http://purl.obolibrary.org/obo/CL_0000236,B cell,CD74,ASCTB-TEMP:cd74,3.586606406937269
mesenteric lymph node,http://purl.obolibrary.org/obo/CL_0000236,B cell,UBE2E2,ASCTB-TEMP:ube2e2,3.543010535684028
mesenteric lymph node,http://purl.obolibrary.org/obo/CL_0000236,B cell,CCDC88A,ASCTB-TEMP:ccdc88a,3.525663988446289
mesenteric lymph node,http://purl.obolibrary.org/obo/CL_0000236,B cell,GAB2,ASCTB-TEMP:gab2,2.825340323978831
mesenteric lymph node,http://purl.obolibrary.org/obo/CL_0000236,B cell,HLA-DRB1,ASCTB-TEMP:hla-drb1,2.585051992681735
mesenteric lymph node,http://purl.obolibrary.org/obo/CL_0000236,B cell,WDFY4,ASCTB-TEMP:wdfy4,2.580685765048492
mesenteric lymph node,http://purl.obolibrary.org/obo/CL_0000236,B cell,BCL11A,ASCTB-TEMP:bcl11a,2.464712244866411
mesenteric lymph node,http://purl.obolibrary.org/obo/CL_0000236,B cell,KYNU,ASCTB-TEMP:kynu,2.233725235269201
mesenteric lymph node,http://purl.obolibrary.org/obo/CL_0000499,stromal cell,RBMS3,ASCTB-TEMP:rbms3,5.034558922197387
mesenteric lymph node,http://purl.obolibrary.org/obo/CL_0000499,stromal cell,ABI3BP,ASCTB-TEMP:abi3bp,4.234086402815008
mesenteric lymph node,http://purl.obolibrary.org/obo/CL_0000499,stromal cell,NFIB,ASCTB-TEMP:nfib,4.100676179821781
mesenteric lymph node,http://purl.obolibrary.org/obo/CL_0000499,stromal cell,ZEB2,ASCTB-TEMP:zeb2,4.054667775267691
mesenteric lymph node,http://purl.obolibrary.org/obo/CL_0000499,stromal cell,SDK1,ASCTB-TEMP:sdk1,4.042746088803634
mesenteric lymph node,http://purl.obolibrary.org/obo/CL_0000499,stromal cell,DCLK1,ASCTB-TEMP:dclk1,4.026495166914984
mesenteric lymph node,http://purl.obolibrary.org/obo/CL_0000499,stromal cell,SLIT3,ASCTB-TEMP:slit3,3.666866224538045
mesenteric lymph node,http://purl.obolibrary.org/obo/CL_0000499,stromal cell,PRRX1,ASCTB-TEMP:prrx1,3.583955436011931
mesenteric lymph node,http://purl.obolibrary.org/obo/CL_0000499,stromal cell,C7,ASCTB-TEMP:c7,3.276235890218823
mesenteric lymph node,http://purl.obolibrary.org/obo/CL_0000499,stromal cell,MIR100HG,ASCTB-TEMP:mir100hg,2.994436633325805
mesenteric lymph node,http://purl.obolibrary.org/obo/CL_0000775,neutrophil,CD74,ASCTB-TEMP:cd74,4.231153710971317
mesenteric lymph node,http://purl.obolibrary.org/obo/CL_0000775,neutrophil,TET2,ASCTB-TEMP:tet2,4.092271573811879
mesenteric lymph node,http://purl.obolibrary.org/obo/CL_0000775,neutrophil,HLA-DRB1,ASCTB-TEMP:hla-drb1,3.782821435577158
mesenteric lymph node,http://purl.obolibrary.org/obo/CL_0000775,neutrophil,ALPK1,ASCTB-TEMP:alpk1,3.581955125986823
mesenteric lymph node,http://purl.obolibrary.org/obo/CL_0000775,neutrophil,KYNU,ASCTB-TEMP:kynu,3.509554536330686
mesenteric lymph node,http://purl.obolibrary.org/obo/CL_0000775,neutrophil,MIR181A1HG,ASCTB-TEMP:mir181a1hg,3.284921452861982
mesenteric lymph node,http://purl.obolibrary.org/obo/CL_0000775,neutrophil,PLEK,ASCTB-TEMP:plek,3.063121374743391
mesenteric lymph node,http://purl.obolibrary.org/obo/CL_0000775,neutrophil,TRAM1,ASCTB-TEMP:tram1,2.934421478778417
mesenteric lymph node,http://purl.obolibrary.org/obo/CL_0000775,neutrophil,NLK,ASCTB-TEMP:nlk,2.934421478778417
mesenteric lymph node,http://purl.obolibrary.org/obo/CL_0000775,neutrophil,DPYSL2,ASCTB-TEMP:dpysl2,2.934421478778417
mesenteric lymph node,http://purl.obolibrary.org/obo/CL_0000786,plasma cell,MALAT1,ASCTB-TEMP:malat1,7.549338125700237
mesenteric lymph node,http://purl.obolibrary.org/obo/CL_0000786,plasma cell,SPCS2,ASCTB-TEMP:spcs2,1.731141069968205
mesenteric lymph node,http://purl.obolibrary.org/obo/CL_0000786,plasma cell,DNAJC5,ASCTB-TEMP:dnajc5,1.719980991474074
mesenteric lymph node,http://purl.obolibrary.org/obo/CL_0000786,plasma cell,SAMD3,ASCTB-TEMP:samd3,1.718752183758847
mesenteric lymph node,http://purl.obolibrary.org/obo/CL_0000786,plasma cell,PELI2,ASCTB-TEMP:peli2,1.595135645496968
mesenteric lymph node,http://purl.obolibrary.org/obo/CL_0000786,plasma cell,LAP3,ASCTB-TEMP:lap3,1.532011595199605
mesenteric lymph node,http://purl.obolibrary.org/obo/CL_0000786,plasma cell,SLAMF7,ASCTB-TEMP:slamf7,1.318990282823318
mesenteric lymph node,http://purl.obolibrary.org/obo/CL_0000786,plasma cell,CLIC4,ASCTB-TEMP:clic4,1.296527858936407
mesenteric lymph node,http://purl.obolibrary.org/obo/CL_0000786,plasma cell,SEC11C,ASCTB-TEMP:sec11c,1.180325995482716
mesenteric lymph node,http://purl.obolibrary.org/obo/CL_0000786,plasma cell,EOMES,ASCTB-TEMP:eomes,0.9665987978028396
mesenteric lymph node,http://purl.obolibrary.org/obo/CL_0000814,mature NK T cell,SDK1,ASCTB-TEMP:sdk1,3.989528644263448
mesenteric lymph node,http://purl.obolibrary.org/obo/CL_0000814,mature NK T cell,SSBP2,ASCTB-TEMP:ssbp2,3.670518232163603
mesenteric lymph node,http://purl.obolibrary.org/obo/CL_0000814,mature NK T cell,CCDC102B,ASCTB-TEMP:ccdc102b,3.543182217768966
mesenteric lymph node,http://purl.obolibrary.org/obo/CL_0000814,mature NK T cell,DLC1,ASCTB-TEMP:dlc1,3.537936811758202
mesenteric lymph node,http://purl.obolibrary.org/obo/CL_0000814,mature NK T cell,ABI3BP,ASCTB-TEMP:abi3bp,3.352495546324435
mesenteric lymph node,http://purl.obolibrary.org/obo/CL_0000814,mature NK T cell,C7,ASCTB-TEMP:c7,2.987647059089122
mesenteric lymph node,http://purl.obolibrary.org/obo/CL_0000814,mature NK T cell,CNTN4,ASCTB-TEMP:cntn4,2.950826347061932
mesenteric lymph node,http://purl.obolibrary.org/obo/CL_0000814,mature NK T cell,PRRX1,ASCTB-TEMP:prrx1,2.936500775299145
mesenteric lymph node,http://purl.obolibrary.org/obo/CL_0000814,mature NK T cell,ARHGAP32,ASCTB-TEMP:arhgap32,2.598242645127498
mesenteric lymph node,http://purl.obolibrary.org/obo/CL_0000814,mature NK T cell,COL1A1,ASCTB-TEMP:col1a1,2.247824945867031
mesenteric lymph node,http://purl.obolibrary.org/obo/CL_0000815,regulatory T cell,MALAT1,ASCTB-TEMP:malat1,7.729272652283501
mesenteric lymph node,http://purl.obolibrary.org/obo/CL_0000815,regulatory T cell,LDLRAD4,ASCTB-TEMP:ldlrad4,3.738729406276999
mesenteric lymph node,http://purl.obolibrary.org/obo/CL_0000815,regulatory T cell,CD247,ASCTB-TEMP:cd247,3.624842821763414
mesenteric lymph node,http://purl.obolibrary.org/obo/CL_0000815,regulatory T cell,HIVEP2,ASCTB-TEMP:hivep2,3.425174346704635
mesenteric lymph node,http://purl.obolibrary.org/obo/CL_0000815,regulatory T cell,IKZF2,ASCTB-TEMP:ikzf2,2.939127679248497
mesenteric lymph node,http://purl.obolibrary.org/obo/CL_0000815,regulatory T cell,IQGAP2,ASCTB-TEMP:iqgap2,2.797124029857605
mesenteric lymph node,http://purl.obolibrary.org/obo/CL_0000815,regulatory T cell,ST8SIA4,ASCTB-TEMP:st8sia4,2.574976063403634
mesenteric lymph node,http://purl.obolibrary.org/obo/CL_0000815,regulatory T cell,GLCCI1,ASCTB-TEMP:glcci1,2.560799916612461
mesenteric lymph node,http://purl.obolibrary.org/obo/CL_0000815,regulatory T cell,CD2,ASCTB-TEMP:cd2,1.963768094810032
mesenteric lymph node,http://purl.obolibrary.org/obo/CL_0000815,regulatory T cell,RTKN2,ASCTB-TEMP:rtkn2,1.714982788663808
mesenteric lymph node,http://purl.obolibrary.org/obo/CL_0000841,mature conventional dendritic cell,ARHGAP10,ASCTB-TEMP:arhgap10,5.336522552690742
mesenteric lymph node,http://purl.obolibrary.org/obo/CL_0000841,mature conventional dendritic cell,BIRC3,ASCTB-TEMP:birc3,5.132115535408261
mesenteric lymph node,http://purl.obolibrary.org/obo/CL_0000841,mature conventional dendritic cell,ANTXR2,ASCTB-TEMP:antxr2,5.022063353404757
mesenteric lymph node,http://purl.obolibrary.org/obo/CL_0000841,mature conventional dendritic cell,CD83,ASCTB-TEMP:cd83,4.992347440750942
mesenteric lymph node,http://purl.obolibrary.org/obo/CL_0000841,mature conventional dendritic cell,PELI1,ASCTB-TEMP:peli1,4.710631630339208
mesenteric lymph node,http://purl.obolibrary.org/obo/CL_0000841,mature conventional dendritic cell,ABCC4,ASCTB-TEMP:abcc4,4.674455096235586
mesenteric lymph node,http://purl.obolibrary.org/obo/CL_0000841,mature conventional dendritic cell,LAMP3,ASCTB-TEMP:lamp3,4.203413607592653
mesenteric lymph node,http://purl.obolibrary.org/obo/CL_0000841,mature conventional dendritic cell,POGLUT1,ASCTB-TEMP:poglut1,3.829157574865078
mesenteric lymph node,http://purl.obolibrary.org/obo/CL_0000841,mature conventional dendritic cell,FSCN1,ASCTB-TEMP:fscn1,3.244783344126949
mesenteric lymph node,http://purl.obolibrary.org/obo/CL_0000841,mature conventional dendritic cell,JADE3,ASCTB-TEMP:jade3,2.98319841498728
mesenteric lymph node,http://purl.obolibrary.org/obo/CL_0000860,classical monocyte,SLC8A1,ASCTB-TEMP:slc8a1,4.864652970159283
mesenteric lymph node,http://purl.obolibrary.org/obo/CL_0000860,classical monocyte,PLXDC2,ASCTB-TEMP:plxdc2,4.103802922801958
mesenteric lymph node,http://purl.obolibrary.org/obo/CL_0000860,classical monocyte,MAML3,ASCTB-TEMP:maml3,3.401430012028714
mesenteric lymph node,http://purl.obolibrary.org/obo/CL_0000860,classical monocyte,SUMF1,ASCTB-TEMP:sumf1,3.374450018592796
mesenteric lymph node,http://purl.obolibrary.org/obo/CL_0000860,classical monocyte,CYBB,ASCTB-TEMP:cybb,3.263100970974465
mesenteric lymph node,http://purl.obolibrary.org/obo/CL_0000860,classical monocyte,RBM47,ASCTB-TEMP:rbm47,3.260991263620881
mesenteric lymph node,http://purl.obolibrary.org/obo/CL_0000860,classical monocyte,GAB2,ASCTB-TEMP:gab2,3.129302527486892
mesenteric lymph node,http://purl.obolibrary.org/obo/CL_0000860,classical monocyte,RNF130,ASCTB-TEMP:rnf130,2.977646009684367
mesenteric lymph node,http://purl.obolibrary.org/obo/CL_0000860,classical monocyte,TBXAS1,ASCTB-TEMP:tbxas1,2.794624884782955
mesenteric lymph node,http://purl.obolibrary.org/obo/CL_0000860,classical monocyte,SLC1A3,ASCTB-TEMP:slc1a3,2.720780223395522
mesenteric lymph node,http://purl.obolibrary.org/obo/CL_0000921,type I NK T cell,MALAT1,ASCTB-TEMP:malat1,7.69679104190092
mesenteric lymph node,http://purl.obolibrary.org/obo/CL_0000921,type I NK T cell,HIVEP2,ASCTB-TEMP:hivep2,3.599370803115237
mesenteric lymph node,http://purl.obolibrary.org/obo/CL_0000921,type I NK T cell,CD247,ASCTB-TEMP:cd247,3.07318572384521
mesenteric lymph node,http://purl.obolibrary.org/obo/CL_0000921,type I NK T cell,DOCK9,ASCTB-TEMP:dock9,2.80909333235325
mesenteric lymph node,http://purl.obolibrary.org/obo/CL_0000921,type I NK T cell,IQGAP2,ASCTB-TEMP:iqgap2,2.704646910783811
mesenteric lymph node,http://purl.obolibrary.org/obo/CL_0000921,type I NK T cell,MBP,ASCTB-TEMP:mbp,2.503126832326823
mesenteric lymph node,http://purl.obolibrary.org/obo/CL_0000921,type I NK T cell,CD2,ASCTB-TEMP:cd2,2.244393785141413
mesenteric lymph node,http://purl.obolibrary.org/obo/CL_0000921,type I NK T cell,GLCCI1,ASCTB-TEMP:glcci1,2.196546168653746
mesenteric lymph node,http://purl.obolibrary.org/obo/CL_0000921,type I NK T cell,CYTIP,ASCTB-TEMP:cytip,2.169513676521845
mesenteric lymph node,http://purl.obolibrary.org/obo/CL_0000921,type I NK T cell,KLRB1,ASCTB-TEMP:klrb1,1.480639746967479
mesenteric lymph node,http://purl.obolibrary.org/obo/CL_0001044,"effector CD4-positive, alpha-beta T cell",MALAT1,ASCTB-TEMP:malat1,7.756015918550931
mesenteric lymph node,http://purl.obolibrary.org/obo/CL_0001044,"effector CD4-positive, alpha-beta T cell",HIVEP2,ASCTB-TEMP:hivep2,3.579491240554143
mesenteric lymph node,http://purl.obolibrary.org/obo/CL_0001044,"effector CD4-positive, alpha-beta T cell",CD247,ASCTB-TEMP:cd247,3.189747048246364
mesenteric lymph node,http://purl.obolibrary.org/obo/CL_0001044,"effector CD4-positive, alpha-beta T cell",DOCK9,ASCTB-TEMP:dock9,2.917017978827836
mesenteric lymph node,http://purl.obolibrary.org/obo/CL_0001044,"effector CD4-positive, alpha-beta T cell",IQGAP2,ASCTB-TEMP:iqgap2,2.657572323530252
mesenteric lymph node,http://purl.obolibrary.org/obo/CL_0001044,"effector CD4-positive, alpha-beta T cell",IL7R,ASCTB-TEMP:il7r,2.555718978061506
mesenteric lymph node,http://purl.obolibrary.org/obo/CL_0001044,"effector CD4-positive, alpha-beta T cell",MBP,ASCTB-TEMP:mbp,2.552635648889034
mesenteric lymph node,http://purl.obolibrary.org/obo/CL_0001044,"effector CD4-positive, alpha-beta T cell",CYTIP,ASCTB-TEMP:cytip,2.27016708500551
mesenteric lymph node,http://purl.obolibrary.org/obo/CL_0001044,"effector CD4-positive, alpha-beta T cell",CD4,ASCTB-TEMP:cd4,1.930305780502775
mesenteric lymph node,http://purl.obolibrary.org/obo/CL_0001044,"effector CD4-positive, alpha-beta T cell",CD2,ASCTB-TEMP:cd2,1.791182529556897
mesenteric lymph node,http://purl.obolibrary.org/obo/CL_0001050,"effector CD8-positive, alpha-beta T cell",MALAT1,ASCTB-TEMP:malat1,7.69316774971539
mesenteric lymph node,http://purl.obolibrary.org/obo/CL_0001050,"effector CD8-positive, alpha-beta T cell",SMYD3,ASCTB-TEMP:smyd3,3.631248506846017
mesenteric lymph node,http://purl.obolibrary.org/obo/CL_0001050,"effector CD8-positive, alpha-beta T cell",IQGAP2,ASCTB-TEMP:iqgap2,3.231594112827573
mesenteric lymph node,http://purl.obolibrary.org/obo/CL_0001050,"effector CD8-positive, alpha-beta T cell",CD247,ASCTB-TEMP:cd247,3.097963518270351
mesenteric lymph node,http://purl.obolibrary.org/obo/CL_0001050,"effector CD8-positive, alpha-beta T cell",DOCK9,ASCTB-TEMP:dock9,2.828735117774414
mesenteric lymph node,http://purl.obolibrary.org/obo/CL_0001050,"effector CD8-positive, alpha-beta T cell",CD2,ASCTB-TEMP:cd2,2.280528039930086
mesenteric lymph node,http://purl.obolibrary.org/obo/CL_0001050,"effector CD8-positive, alpha-beta T cell",CD69,ASCTB-TEMP:cd69,1.983616430219838
mesenteric lymph node,http://purl.obolibrary.org/obo/CL_0001050,"effector CD8-positive, alpha-beta T cell",SAMD3,ASCTB-TEMP:samd3,1.738841913361082
mesenteric lymph node,http://purl.obolibrary.org/obo/CL_0001050,"effector CD8-positive, alpha-beta T cell",SIDT1,ASCTB-TEMP:sidt1,1.724844234530786
mesenteric lymph node,http://purl.obolibrary.org/obo/CL_0001050,"effector CD8-positive, alpha-beta T cell",GZMA,ASCTB-TEMP:gzma,1.0015408625846
mesenteric lymph node,http://purl.obolibrary.org/obo/CL_0001065,innate lymphoid cell,MALAT1,ASCTB-TEMP:malat1,7.586016942065084
mesenteric lymph node,http://purl.obolibrary.org/obo/CL_0001065,innate lymphoid cell,HIVEP2,ASCTB-TEMP:hivep2,2.694355446787744
mesenteric lymph node,http://purl.obolibrary.org/obo/CL_0001065,innate lymphoid cell,CD247,ASCTB-TEMP:cd247,2.362200554233784
mesenteric lymph node,http://purl.obolibrary.org/obo/CL_0001065,innate lymphoid cell,IQGAP2,ASCTB-TEMP:iqgap2,2.146406437205902
mesenteric lymph node,http://purl.obolibrary.org/obo/CL_0001065,innate lymphoid cell,MBP,ASCTB-TEMP:mbp,2.004807979338797
mesenteric lymph node,http://purl.obolibrary.org/obo/CL_0001065,innate lymphoid cell,IL7R,ASCTB-TEMP:il7r,1.909418723072535
mesenteric lymph node,http://purl.obolibrary.org/obo/CL_0001065,innate lymphoid cell,CYTIP,ASCTB-TEMP:cytip,1.595957006492854
mesenteric lymph node,http://purl.obolibrary.org/obo/CL_0001065,innate lymphoid cell,CD2,ASCTB-TEMP:cd2,1.358966226863624
mesenteric lymph node,http://purl.obolibrary.org/obo/CL_0001065,innate lymphoid cell,ITGAL,ASCTB-TEMP:itgal,1.2896145241295
mesenteric lymph node,http://purl.obolibrary.org/obo/CL_0001065,innate lymphoid cell,CD69,ASCTB-TEMP:cd69,1.14013032277823
mesenteric lymph node,http://purl.obolibrary.org/obo/CL_0002393,intermediate monocyte,KCNMA1,ASCTB-TEMP:kcnma1,4.769023544084209
mesenteric lymph node,http://purl.obolibrary.org/obo/CL_0002393,intermediate monocyte,SLC8A1,ASCTB-TEMP:slc8a1,4.760300842532617
mesenteric lymph node,http://purl.obolibrary.org/obo/CL_0002393,intermediate monocyte,FRMD4B,ASCTB-TEMP:frmd4b,4.608754178067265
mesenteric lymph node,http://purl.obolibrary.org/obo/CL_0002393,intermediate monocyte,ZEB2,ASCTB-TEMP:zeb2,4.567515401716119
mesenteric lymph node,http://purl.obolibrary.org/obo/CL_0002393,intermediate monocyte,SAT1,ASCTB-TEMP:sat1,4.268660395639333
mesenteric lymph node,http://purl.obolibrary.org/obo/CL_0002393,intermediate monocyte,DMXL2,ASCTB-TEMP:dmxl2,3.918043868850184
mesenteric lymph node,http://purl.obolibrary.org/obo/CL_0002393,intermediate monocyte,RBM47,ASCTB-TEMP:rbm47,3.821792917484657
mesenteric lymph node,http://purl.obolibrary.org/obo/CL_0002393,intermediate monocyte,DST,ASCTB-TEMP:dst,3.628315469838927
mesenteric lymph node,http://purl.obolibrary.org/obo/CL_0002393,intermediate monocyte,CYBB,ASCTB-TEMP:cybb,3.399151407716434
mesenteric lymph node,http://purl.obolibrary.org/obo/CL_0002393,intermediate monocyte,MS4A6A,ASCTB-TEMP:ms4a6a,3.354098388348228
mesenteric lymph node,http://purl.obolibrary.org/obo/CL_0002394,CD141-positive myeloid dendritic cell,FCHSD2,ASCTB-TEMP:fchsd2,4.672970046955003
mesenteric lymph node,http://purl.obolibrary.org/obo/CL_0002394,CD141-positive myeloid dendritic cell,VOPP1,ASCTB-TEMP:vopp1,4.334458965679379
mesenteric lymph node,http://purl.obolibrary.org/obo/CL_0002394,CD141-positive myeloid dendritic cell,CCDC88A,ASCTB-TEMP:ccdc88a,3.862297234678882
mesenteric lymph node,http://purl.obolibrary.org/obo/CL_0002394,CD141-positive myeloid dendritic cell,FMNL2,ASCTB-TEMP:fmnl2,3.783483291716905
mesenteric lymph node,http://purl.obolibrary.org/obo/CL_0002394,CD141-positive myeloid dendritic cell,PELI1,ASCTB-TEMP:peli1,3.610324316230574
mesenteric lymph node,http://purl.obolibrary.org/obo/CL_0002394,CD141-positive myeloid dendritic cell,WDFY4,ASCTB-TEMP:wdfy4,3.608528976529879
mesenteric lymph node,http://purl.obolibrary.org/obo/CL_0002394,CD141-positive myeloid dendritic cell,TBC1D8,ASCTB-TEMP:tbc1d8,3.470159395444593
mesenteric lymph node,http://purl.obolibrary.org/obo/CL_0002394,CD141-positive myeloid dendritic cell,CD83,ASCTB-TEMP:cd83,3.374743808244931
mesenteric lymph node,http://purl.obolibrary.org/obo/CL_0002394,CD141-positive myeloid dendritic cell,FLT3,ASCTB-TEMP:flt3,3.327952869694208
mesenteric lymph node,http://purl.obolibrary.org/obo/CL_0002394,CD141-positive myeloid dendritic cell,ZNF366,ASCTB-TEMP:znf366,3.31641956394728
mesenteric lymph node,http://purl.obolibrary.org/obo/CL_0002399,CD1c-positive myeloid dendritic cell,CPVL,ASCTB-TEMP:cpvl,5.204791585394114
mesenteric lymph node,http://purl.obolibrary.org/obo/CL_0002399,CD1c-positive myeloid dendritic cell,PID1,ASCTB-TEMP:pid1,4.484077638953407
mesenteric lymph node,http://purl.obolibrary.org/obo/CL_0002399,CD1c-positive myeloid dendritic cell,ITGAX,ASCTB-TEMP:itgax,4.304042797715397
mesenteric lymph node,http://purl.obolibrary.org/obo/CL_0002399,CD1c-positive myeloid dendritic cell,ABHD6,ASCTB-TEMP:abhd6,4.142252141593615
mesenteric lymph node,http://purl.obolibrary.org/obo/CL_0002399,CD1c-positive myeloid dendritic cell,TBXAS1,ASCTB-TEMP:tbxas1,3.942846650540849
mesenteric lymph node,http://purl.obolibrary.org/obo/CL_0002399,CD1c-positive myeloid dendritic cell,PLXDC2,ASCTB-TEMP:plxdc2,3.942846650540849
mesenteric lymph node,http://purl.obolibrary.org/obo/CL_0002399,CD1c-positive myeloid dendritic cell,PPP1R21,ASCTB-TEMP:ppp1r21,3.604281558787278
mesenteric lymph node,http://purl.obolibrary.org/obo/CL_0002399,CD1c-positive myeloid dendritic cell,GAB2,ASCTB-TEMP:gab2,3.604281558787278
mesenteric lymph node,http://purl.obolibrary.org/obo/CL_0002399,CD1c-positive myeloid dendritic cell,MS4A7,ASCTB-TEMP:ms4a7,3.408094318255947
mesenteric lymph node,http://purl.obolibrary.org/obo/CL_0002399,CD1c-positive myeloid dendritic cell,IL1B,ASCTB-TEMP:il1b,3.408094318255947
