cell_label,cell_id,level_1_cell_id,level_1_cell_label,level_2_cell_id,level_2_cell_label
cell,http://purl.obolibrary.org/obo/CL_0000000,http://purl.obolibrary.org/obo/CL_0000000,no mapped parent cell,http://purl.obolibrary.org/obo/CL_0000000,no mapped parent cell
oocyte,http://purl.obolibrary.org/obo/CL_0000023,http://purl.obolibrary.org/obo/CL_0000039,germ line cell,http://purl.obolibrary.org/obo/CL_0000039,germ line cell
stem cell,http://purl.obolibrary.org/obo/CL_0000034,http://purl.obolibrary.org/obo/CL_0000034,stem cell,http://purl.obolibrary.org/obo/CL_0000034,stem cell
hematopoietic stem cell,http://purl.obolibrary.org/obo/CL_0000037,http://purl.obolibrary.org/obo/CL_0000034,stem cell,http://purl.obolibrary.org/obo/CL_0000034,stem cell
megakaryocyte-erythroid progenitor cell,http://purl.obolibrary.org/obo/CL_0000050,http://purl.obolibrary.org/obo/CL_0000988,hematopoietic cell,http://purl.obolibrary.org/obo/CL_0000988,hematopoietic cell
common lymphoid progenitor,http://purl.obolibrary.org/obo/CL_0000051,http://purl.obolibrary.org/obo/CL_0000988,hematopoietic cell,http://purl.obolibrary.org/obo/CL_0000988,hematopoietic cell
fibroblast,http://purl.obolibrary.org/obo/CL_0000057,http://purl.obolibrary.org/obo/CL_0002320,connective tissue cell,http://purl.obolibrary.org/obo/CL_0000499,stromal cell
epithelial cell,http://purl.obolibrary.org/obo/CL_0000066,http://purl.obolibrary.org/obo/CL_0000066,epithelial cell,http://purl.obolibrary.org/obo/CL_0000066,epithelial cell
duct epithelial cell,http://purl.obolibrary.org/obo/CL_0000068,http://purl.obolibrary.org/obo/CL_0000066,epithelial cell,http://purl.obolibrary.org/obo/CL_0000066,epithelial cell
blood vessel endothelial cell,http://purl.obolibrary.org/obo/CL_0000071,http://purl.obolibrary.org/obo/CL_0000115,endothelial cell,http://purl.obolibrary.org/obo/CL_0000115,endothelial cell
squamous epithelial cell,http://purl.obolibrary.org/obo/CL_0000076,http://purl.obolibrary.org/obo/CL_0000066,epithelial cell,http://purl.obolibrary.org/obo/CL_0000066,epithelial cell
mesothelial cell,http://purl.obolibrary.org/obo/CL_0000077,http://purl.obolibrary.org/obo/CL_0000066,epithelial cell,http://purl.obolibrary.org/obo/CL_0000066,epithelial cell
epithelial cell of pancreas,http://purl.obolibrary.org/obo/CL_0000083,http://purl.obolibrary.org/obo/CL_0000066,epithelial cell,http://purl.obolibrary.org/obo/CL_0000066,epithelial cell
T cell,http://purl.obolibrary.org/obo/CL_0000084,http://purl.obolibrary.org/obo/CL_0000988,hematopoietic cell,http://purl.obolibrary.org/obo/CL_0000084,T cell
mast cell,http://purl.obolibrary.org/obo/CL_0000097,http://purl.obolibrary.org/obo/CL_0000988,hematopoietic cell,http://purl.obolibrary.org/obo/CL_0000988,hematopoietic cell
endothelial cell,http://purl.obolibrary.org/obo/CL_0000115,http://purl.obolibrary.org/obo/CL_0000115,endothelial cell,http://purl.obolibrary.org/obo/CL_0000115,endothelial cell
glial cell,http://purl.obolibrary.org/obo/CL_0000125,http://purl.obolibrary.org/obo/CL_0002319,neural cell,http://purl.obolibrary.org/obo/CL_0000125,glial cell
astrocyte,http://purl.obolibrary.org/obo/CL_0000127,http://purl.obolibrary.org/obo/CL_0002319,neural cell,http://purl.obolibrary.org/obo/CL_0000125,glial cell
oligodendrocyte,http://purl.obolibrary.org/obo/CL_0000128,http://purl.obolibrary.org/obo/CL_0002319,neural cell,http://purl.obolibrary.org/obo/CL_0000125,glial cell
microglial cell,http://purl.obolibrary.org/obo/CL_0000129,http://purl.obolibrary.org/obo/CL_0002319,neural cell,http://purl.obolibrary.org/obo/CL_0000125,glial cell
adipocyte,http://purl.obolibrary.org/obo/CL_0000136,http://purl.obolibrary.org/obo/CL_0002320,connective tissue cell,http://purl.obolibrary.org/obo/CL_0000136,adipocyte
melanocyte,http://purl.obolibrary.org/obo/CL_0000148,http://purl.obolibrary.org/obo/CL_0000148,melanocyte,http://purl.obolibrary.org/obo/CL_0000148,melanocyte
club cell,http://purl.obolibrary.org/obo/CL_0000158,http://purl.obolibrary.org/obo/CL_0000066,epithelial cell,http://purl.obolibrary.org/obo/CL_0000066,epithelial cell
goblet cell,http://purl.obolibrary.org/obo/CL_0000160,http://purl.obolibrary.org/obo/CL_0000066,epithelial cell,http://purl.obolibrary.org/obo/CL_0000066,epithelial cell
enteroendocrine cell,http://purl.obolibrary.org/obo/CL_0000164,http://purl.obolibrary.org/obo/CL_0000066,epithelial cell,http://purl.obolibrary.org/obo/CL_0000066,epithelial cell
neuroendocrine cell,http://purl.obolibrary.org/obo/CL_0000165,http://purl.obolibrary.org/obo/CL_0002319,neural cell,http://purl.obolibrary.org/obo/CL_0000540,neuron
type B pancreatic cell,http://purl.obolibrary.org/obo/CL_0000169,http://purl.obolibrary.org/obo/CL_0000066,epithelial cell,http://purl.obolibrary.org/obo/CL_0000066,epithelial cell
pancreatic A cell,http://purl.obolibrary.org/obo/CL_0000171,http://purl.obolibrary.org/obo/CL_0000066,epithelial cell,http://purl.obolibrary.org/obo/CL_0000066,epithelial cell
pancreatic D cell,http://purl.obolibrary.org/obo/CL_0000173,http://purl.obolibrary.org/obo/CL_0002319,neural cell,http://purl.obolibrary.org/obo/CL_0000540,neuron
hepatocyte,http://purl.obolibrary.org/obo/CL_0000182,http://purl.obolibrary.org/obo/CL_0000066,epithelial cell,http://purl.obolibrary.org/obo/CL_0000066,epithelial cell
myofibroblast cell,http://purl.obolibrary.org/obo/CL_0000186,http://purl.obolibrary.org/obo/CL_0002320,connective tissue cell,http://purl.obolibrary.org/obo/CL_0002320,connective tissue cell
muscle cell,http://purl.obolibrary.org/obo/CL_0000187,http://purl.obolibrary.org/obo/CL_0000187,muscle cell,http://purl.obolibrary.org/obo/CL_0000187,muscle cell
cell of skeletal muscle,http://purl.obolibrary.org/obo/CL_0000188,http://purl.obolibrary.org/obo/CL_0000000,no mapped parent cell,http://purl.obolibrary.org/obo/CL_0000000,no mapped parent cell
smooth muscle cell,http://purl.obolibrary.org/obo/CL_0000192,http://purl.obolibrary.org/obo/CL_0000187,muscle cell,http://purl.obolibrary.org/obo/CL_0000187,muscle cell
erythrocyte,http://purl.obolibrary.org/obo/CL_0000232,http://purl.obolibrary.org/obo/CL_0000988,hematopoietic cell,http://purl.obolibrary.org/obo/CL_0000081,blood cell
platelet,http://purl.obolibrary.org/obo/CL_0000233,http://purl.obolibrary.org/obo/CL_0000988,hematopoietic cell,http://purl.obolibrary.org/obo/CL_0000081,blood cell
macrophage,http://purl.obolibrary.org/obo/CL_0000235,http://purl.obolibrary.org/obo/CL_0000988,hematopoietic cell,http://purl.obolibrary.org/obo/CL_0000235,macrophage
B cell,http://purl.obolibrary.org/obo/CL_0000236,http://purl.obolibrary.org/obo/CL_0000988,hematopoietic cell,http://purl.obolibrary.org/obo/CL_0000236,B cell
Merkel cell,http://purl.obolibrary.org/obo/CL_0000242,http://purl.obolibrary.org/obo/CL_0000066,epithelial cell,http://purl.obolibrary.org/obo/CL_0000066,epithelial cell
keratinocyte,http://purl.obolibrary.org/obo/CL_0000312,http://purl.obolibrary.org/obo/CL_0000066,epithelial cell,http://purl.obolibrary.org/obo/CL_0000066,epithelial cell
serous secreting cell,http://purl.obolibrary.org/obo/CL_0000313,http://purl.obolibrary.org/obo/CL_0000000,no mapped parent cell,http://purl.obolibrary.org/obo/CL_0000000,no mapped parent cell
pulmonary alveolar epithelial cell,http://purl.obolibrary.org/obo/CL_0000322,http://purl.obolibrary.org/obo/CL_0000066,epithelial cell,http://purl.obolibrary.org/obo/CL_0000066,epithelial cell
vascular associated smooth muscle cell,http://purl.obolibrary.org/obo/CL_0000359,http://purl.obolibrary.org/obo/CL_0000187,muscle cell,http://purl.obolibrary.org/obo/CL_0000187,muscle cell
follicular dendritic cell,http://purl.obolibrary.org/obo/CL_0000442,http://purl.obolibrary.org/obo/CL_0000988,hematopoietic cell,http://purl.obolibrary.org/obo/CL_0000451,dendritic cell
dendritic cell,http://purl.obolibrary.org/obo/CL_0000451,http://purl.obolibrary.org/obo/CL_0000988,hematopoietic cell,http://purl.obolibrary.org/obo/CL_0000451,dendritic cell
Langerhans cell,http://purl.obolibrary.org/obo/CL_0000453,http://purl.obolibrary.org/obo/CL_0000988,hematopoietic cell,http://purl.obolibrary.org/obo/CL_0000451,dendritic cell
CD4-positive helper T cell,http://purl.obolibrary.org/obo/CL_0000492,http://purl.obolibrary.org/obo/CL_0000988,hematopoietic cell,http://purl.obolibrary.org/obo/CL_0000084,T cell
stromal cell,http://purl.obolibrary.org/obo/CL_0000499,http://purl.obolibrary.org/obo/CL_0002320,connective tissue cell,http://purl.obolibrary.org/obo/CL_0000499,stromal cell
granulosa cell,http://purl.obolibrary.org/obo/CL_0000501,http://purl.obolibrary.org/obo/CL_0000000,no mapped parent cell,http://purl.obolibrary.org/obo/CL_0000000,no mapped parent cell
paneth cell,http://purl.obolibrary.org/obo/CL_0000510,http://purl.obolibrary.org/obo/CL_0000066,epithelial cell,http://purl.obolibrary.org/obo/CL_0000066,epithelial cell
neuron,http://purl.obolibrary.org/obo/CL_0000540,http://purl.obolibrary.org/obo/CL_0002319,neural cell,http://purl.obolibrary.org/obo/CL_0000540,neuron
lymphocyte,http://purl.obolibrary.org/obo/CL_0000542,http://purl.obolibrary.org/obo/CL_0000988,hematopoietic cell,http://purl.obolibrary.org/obo/CL_0000988,hematopoietic cell
T-helper 1 cell,http://purl.obolibrary.org/obo/CL_0000545,http://purl.obolibrary.org/obo/CL_0000988,hematopoietic cell,http://purl.obolibrary.org/obo/CL_0000084,T cell
T-helper 2 cell,http://purl.obolibrary.org/obo/CL_0000546,http://purl.obolibrary.org/obo/CL_0000988,hematopoietic cell,http://purl.obolibrary.org/obo/CL_0000084,T cell
megakaryocyte progenitor cell,http://purl.obolibrary.org/obo/CL_0000553,http://purl.obolibrary.org/obo/CL_0000988,hematopoietic cell,http://purl.obolibrary.org/obo/CL_0000988,hematopoietic cell
megakaryocyte,http://purl.obolibrary.org/obo/CL_0000556,http://purl.obolibrary.org/obo/CL_0000988,hematopoietic cell,http://purl.obolibrary.org/obo/CL_0000988,hematopoietic cell
granulocyte monocyte progenitor cell,http://purl.obolibrary.org/obo/CL_0000557,http://purl.obolibrary.org/obo/CL_0000988,hematopoietic cell,http://purl.obolibrary.org/obo/CL_0000988,hematopoietic cell
amacrine cell,http://purl.obolibrary.org/obo/CL_0000561,http://purl.obolibrary.org/obo/CL_0002319,neural cell,http://purl.obolibrary.org/obo/CL_0000540,neuron
retinal cone cell,http://purl.obolibrary.org/obo/CL_0000573,http://purl.obolibrary.org/obo/CL_0002319,neural cell,http://purl.obolibrary.org/obo/CL_0000540,neuron
corneal epithelial cell,http://purl.obolibrary.org/obo/CL_0000575,http://purl.obolibrary.org/obo/CL_0000066,epithelial cell,http://purl.obolibrary.org/obo/CL_0000066,epithelial cell
monocyte,http://purl.obolibrary.org/obo/CL_0000576,http://purl.obolibrary.org/obo/CL_0000988,hematopoietic cell,http://purl.obolibrary.org/obo/CL_0000576,monocyte
type EC enteroendocrine cell,http://purl.obolibrary.org/obo/CL_0000577,http://purl.obolibrary.org/obo/CL_0002319,neural cell,http://purl.obolibrary.org/obo/CL_0000540,neuron
alveolar macrophage,http://purl.obolibrary.org/obo/CL_0000583,http://purl.obolibrary.org/obo/CL_0000988,hematopoietic cell,http://purl.obolibrary.org/obo/CL_0000235,macrophage
enterocyte,http://purl.obolibrary.org/obo/CL_0000584,http://purl.obolibrary.org/obo/CL_0000066,epithelial cell,http://purl.obolibrary.org/obo/CL_0000066,epithelial cell
germ cell,http://purl.obolibrary.org/obo/CL_0000586,http://purl.obolibrary.org/obo/CL_0000039,germ line cell,http://purl.obolibrary.org/obo/CL_0000039,germ line cell
pyramidal neuron,http://purl.obolibrary.org/obo/CL_0000598,http://purl.obolibrary.org/obo/CL_0002319,neural cell,http://purl.obolibrary.org/obo/CL_0000540,neuron
retinal rod cell,http://purl.obolibrary.org/obo/CL_0000604,http://purl.obolibrary.org/obo/CL_0002319,neural cell,http://purl.obolibrary.org/obo/CL_0000540,neuron
natural killer cell,http://purl.obolibrary.org/obo/CL_0000623,http://purl.obolibrary.org/obo/CL_0000988,hematopoietic cell,http://purl.obolibrary.org/obo/CL_0000988,hematopoietic cell
"CD4-positive, alpha-beta T cell",http://purl.obolibrary.org/obo/CL_0000624,http://purl.obolibrary.org/obo/CL_0000988,hematopoietic cell,http://purl.obolibrary.org/obo/CL_0000084,T cell
"CD8-positive, alpha-beta T cell",http://purl.obolibrary.org/obo/CL_0000625,http://purl.obolibrary.org/obo/CL_0000988,hematopoietic cell,http://purl.obolibrary.org/obo/CL_0000084,T cell
Mueller cell,http://purl.obolibrary.org/obo/CL_0000636,http://purl.obolibrary.org/obo/CL_0002319,neural cell,http://purl.obolibrary.org/obo/CL_0000125,glial cell
basal cell,http://purl.obolibrary.org/obo/CL_0000646,http://purl.obolibrary.org/obo/CL_0000034,stem cell,http://purl.obolibrary.org/obo/CL_0000034,stem cell
kidney granular cell,http://purl.obolibrary.org/obo/CL_0000648,http://purl.obolibrary.org/obo/CL_0000187,muscle cell,http://purl.obolibrary.org/obo/CL_0000187,muscle cell
mesangial cell,http://purl.obolibrary.org/obo/CL_0000650,http://purl.obolibrary.org/obo/CL_0002320,connective tissue cell,http://purl.obolibrary.org/obo/CL_0002320,connective tissue cell
podocyte,http://purl.obolibrary.org/obo/CL_0000653,http://purl.obolibrary.org/obo/CL_0000066,epithelial cell,http://purl.obolibrary.org/obo/CL_0000066,epithelial cell
pericyte,http://purl.obolibrary.org/obo/CL_0000669,http://purl.obolibrary.org/obo/CL_0002320,connective tissue cell,http://purl.obolibrary.org/obo/CL_0002320,connective tissue cell
M cell of gut,http://purl.obolibrary.org/obo/CL_0000682,http://purl.obolibrary.org/obo/CL_0000066,epithelial cell,http://purl.obolibrary.org/obo/CL_0000066,epithelial cell
leukocyte,http://purl.obolibrary.org/obo/CL_0000738,http://purl.obolibrary.org/obo/CL_0000988,hematopoietic cell,http://purl.obolibrary.org/obo/CL_0000988,hematopoietic cell
retinal ganglion cell,http://purl.obolibrary.org/obo/CL_0000740,http://purl.obolibrary.org/obo/CL_0002319,neural cell,http://purl.obolibrary.org/obo/CL_0000540,neuron
retina horizontal cell,http://purl.obolibrary.org/obo/CL_0000745,http://purl.obolibrary.org/obo/CL_0002319,neural cell,http://purl.obolibrary.org/obo/CL_0000540,neuron
OFF-bipolar cell,http://purl.obolibrary.org/obo/CL_0000750,http://purl.obolibrary.org/obo/CL_0002319,neural cell,http://purl.obolibrary.org/obo/CL_0000540,neuron
myeloid cell,http://purl.obolibrary.org/obo/CL_0000763,http://purl.obolibrary.org/obo/CL_0000988,hematopoietic cell,http://purl.obolibrary.org/obo/CL_0000988,hematopoietic cell
basophil,http://purl.obolibrary.org/obo/CL_0000767,http://purl.obolibrary.org/obo/CL_0000988,hematopoietic cell,http://purl.obolibrary.org/obo/CL_0000081,blood cell
neutrophil,http://purl.obolibrary.org/obo/CL_0000775,http://purl.obolibrary.org/obo/CL_0000988,hematopoietic cell,http://purl.obolibrary.org/obo/CL_0000081,blood cell
plasmacytoid dendritic cell,http://purl.obolibrary.org/obo/CL_0000784,http://purl.obolibrary.org/obo/CL_0000988,hematopoietic cell,http://purl.obolibrary.org/obo/CL_0000451,dendritic cell
plasma cell,http://purl.obolibrary.org/obo/CL_0000786,http://purl.obolibrary.org/obo/CL_0000988,hematopoietic cell,http://purl.obolibrary.org/obo/CL_0000988,hematopoietic cell
memory B cell,http://purl.obolibrary.org/obo/CL_0000787,http://purl.obolibrary.org/obo/CL_0000988,hematopoietic cell,http://purl.obolibrary.org/obo/CL_0000236,B cell
naive B cell,http://purl.obolibrary.org/obo/CL_0000788,http://purl.obolibrary.org/obo/CL_0000988,hematopoietic cell,http://purl.obolibrary.org/obo/CL_0000236,B cell
alpha-beta T cell,http://purl.obolibrary.org/obo/CL_0000789,http://purl.obolibrary.org/obo/CL_0000988,hematopoietic cell,http://purl.obolibrary.org/obo/CL_0000084,T cell
mature alpha-beta T cell,http://purl.obolibrary.org/obo/CL_0000791,http://purl.obolibrary.org/obo/CL_0000988,hematopoietic cell,http://purl.obolibrary.org/obo/CL_0000084,T cell
"CD4-positive, CD25-positive, alpha-beta regulatory T cell",http://purl.obolibrary.org/obo/CL_0000792,http://purl.obolibrary.org/obo/CL_0000988,hematopoietic cell,http://purl.obolibrary.org/obo/CL_0000084,T cell
"CD8-positive, alpha-beta cytotoxic T cell",http://purl.obolibrary.org/obo/CL_0000794,http://purl.obolibrary.org/obo/CL_0000988,hematopoietic cell,http://purl.obolibrary.org/obo/CL_0000084,T cell
gamma-delta T cell,http://purl.obolibrary.org/obo/CL_0000798,http://purl.obolibrary.org/obo/CL_0000988,hematopoietic cell,http://purl.obolibrary.org/obo/CL_0000084,T cell
"double-positive, alpha-beta thymocyte",http://purl.obolibrary.org/obo/CL_0000809,http://purl.obolibrary.org/obo/CL_0000988,hematopoietic cell,http://purl.obolibrary.org/obo/CL_0000084,T cell
memory T cell,http://purl.obolibrary.org/obo/CL_0000813,http://purl.obolibrary.org/obo/CL_0000988,hematopoietic cell,http://purl.obolibrary.org/obo/CL_0000084,T cell
mature NK T cell,http://purl.obolibrary.org/obo/CL_0000814,http://purl.obolibrary.org/obo/CL_0000988,hematopoietic cell,http://purl.obolibrary.org/obo/CL_0000084,T cell
regulatory T cell,http://purl.obolibrary.org/obo/CL_0000815,http://purl.obolibrary.org/obo/CL_0000988,hematopoietic cell,http://purl.obolibrary.org/obo/CL_0000084,T cell
immature B cell,http://purl.obolibrary.org/obo/CL_0000816,http://purl.obolibrary.org/obo/CL_0000988,hematopoietic cell,http://purl.obolibrary.org/obo/CL_0000236,B cell
precursor B cell,http://purl.obolibrary.org/obo/CL_0000817,http://purl.obolibrary.org/obo/CL_0000988,hematopoietic cell,http://purl.obolibrary.org/obo/CL_0000236,B cell
pro-B cell,http://purl.obolibrary.org/obo/CL_0000826,http://purl.obolibrary.org/obo/CL_0000988,hematopoietic cell,http://purl.obolibrary.org/obo/CL_0000988,hematopoietic cell
hematopoietic multipotent progenitor cell,http://purl.obolibrary.org/obo/CL_0000837,http://purl.obolibrary.org/obo/CL_0000988,hematopoietic cell,http://purl.obolibrary.org/obo/CL_0000988,hematopoietic cell
myeloid lineage restricted progenitor cell,http://purl.obolibrary.org/obo/CL_0000839,http://purl.obolibrary.org/obo/CL_0000988,hematopoietic cell,http://purl.obolibrary.org/obo/CL_0000988,hematopoietic cell
germinal center B cell,http://purl.obolibrary.org/obo/CL_0000844,http://purl.obolibrary.org/obo/CL_0000988,hematopoietic cell,http://purl.obolibrary.org/obo/CL_0000236,B cell
classical monocyte,http://purl.obolibrary.org/obo/CL_0000860,http://purl.obolibrary.org/obo/CL_0000988,hematopoietic cell,http://purl.obolibrary.org/obo/CL_0000576,monocyte
non-classical monocyte,http://purl.obolibrary.org/obo/CL_0000875,http://purl.obolibrary.org/obo/CL_0000988,hematopoietic cell,http://purl.obolibrary.org/obo/CL_0000576,monocyte
alternatively activated macrophage,http://purl.obolibrary.org/obo/CL_0000890,http://purl.obolibrary.org/obo/CL_0000988,hematopoietic cell,http://purl.obolibrary.org/obo/CL_0000235,macrophage
"naive thymus-derived CD4-positive, alpha-beta T cell",http://purl.obolibrary.org/obo/CL_0000895,http://purl.obolibrary.org/obo/CL_0000988,hematopoietic cell,http://purl.obolibrary.org/obo/CL_0000084,T cell
"CD4-positive, alpha-beta memory T cell",http://purl.obolibrary.org/obo/CL_0000897,http://purl.obolibrary.org/obo/CL_0000988,hematopoietic cell,http://purl.obolibrary.org/obo/CL_0000084,T cell
naive T cell,http://purl.obolibrary.org/obo/CL_0000898,http://purl.obolibrary.org/obo/CL_0000988,hematopoietic cell,http://purl.obolibrary.org/obo/CL_0000084,T cell
T-helper 17 cell,http://purl.obolibrary.org/obo/CL_0000899,http://purl.obolibrary.org/obo/CL_0000988,hematopoietic cell,http://purl.obolibrary.org/obo/CL_0000084,T cell
"naive thymus-derived CD8-positive, alpha-beta T cell",http://purl.obolibrary.org/obo/CL_0000900,http://purl.obolibrary.org/obo/CL_0000988,hematopoietic cell,http://purl.obolibrary.org/obo/CL_0000084,T cell
"CD8-positive, alpha-beta memory T cell",http://purl.obolibrary.org/obo/CL_0000909,http://purl.obolibrary.org/obo/CL_0000988,hematopoietic cell,http://purl.obolibrary.org/obo/CL_0000084,T cell
cytotoxic T cell,http://purl.obolibrary.org/obo/CL_0000910,http://purl.obolibrary.org/obo/CL_0000988,hematopoietic cell,http://purl.obolibrary.org/obo/CL_0000084,T cell
"effector memory CD8-positive, alpha-beta T cell",http://purl.obolibrary.org/obo/CL_0000913,http://purl.obolibrary.org/obo/CL_0000988,hematopoietic cell,http://purl.obolibrary.org/obo/CL_0000084,T cell
type I NK T cell,http://purl.obolibrary.org/obo/CL_0000921,http://purl.obolibrary.org/obo/CL_0000988,hematopoietic cell,http://purl.obolibrary.org/obo/CL_0000084,T cell
"CD4-positive, alpha-beta cytotoxic T cell",http://purl.obolibrary.org/obo/CL_0000934,http://purl.obolibrary.org/obo/CL_0000988,hematopoietic cell,http://purl.obolibrary.org/obo/CL_0000084,T cell
early lymphoid progenitor,http://purl.obolibrary.org/obo/CL_0000936,http://purl.obolibrary.org/obo/CL_0000988,hematopoietic cell,http://purl.obolibrary.org/obo/CL_0000988,hematopoietic cell
"CD16-negative, CD56-bright natural killer cell, human",http://purl.obolibrary.org/obo/CL_0000938,http://purl.obolibrary.org/obo/CL_0000988,hematopoietic cell,http://purl.obolibrary.org/obo/CL_0000988,hematopoietic cell
mucosal invariant T cell,http://purl.obolibrary.org/obo/CL_0000940,http://purl.obolibrary.org/obo/CL_0000988,hematopoietic cell,http://purl.obolibrary.org/obo/CL_0000084,T cell
IgA plasma cell,http://purl.obolibrary.org/obo/CL_0000987,http://purl.obolibrary.org/obo/CL_0000988,hematopoietic cell,http://purl.obolibrary.org/obo/CL_0000988,hematopoietic cell
conventional dendritic cell,http://purl.obolibrary.org/obo/CL_0000990,http://purl.obolibrary.org/obo/CL_0000988,hematopoietic cell,http://purl.obolibrary.org/obo/CL_0000451,dendritic cell
"effector CD8-positive, alpha-beta T cell",http://purl.obolibrary.org/obo/CL_0001050,http://purl.obolibrary.org/obo/CL_0000988,hematopoietic cell,http://purl.obolibrary.org/obo/CL_0000084,T cell
CD14-positive monocyte,http://purl.obolibrary.org/obo/CL_0001054,http://purl.obolibrary.org/obo/CL_0000988,hematopoietic cell,http://purl.obolibrary.org/obo/CL_0000576,monocyte
"dendritic cell, human",http://purl.obolibrary.org/obo/CL_0001056,http://purl.obolibrary.org/obo/CL_0000988,hematopoietic cell,http://purl.obolibrary.org/obo/CL_0000451,dendritic cell
"plasmacytoid dendritic cell, human",http://purl.obolibrary.org/obo/CL_0001058,http://purl.obolibrary.org/obo/CL_0000988,hematopoietic cell,http://purl.obolibrary.org/obo/CL_0000451,dendritic cell
innate lymphoid cell,http://purl.obolibrary.org/obo/CL_0001065,http://purl.obolibrary.org/obo/CL_0000988,hematopoietic cell,http://purl.obolibrary.org/obo/CL_0000988,hematopoietic cell
group 2 innate lymphoid cell,http://purl.obolibrary.org/obo/CL_0001069,http://purl.obolibrary.org/obo/CL_0000988,hematopoietic cell,http://purl.obolibrary.org/obo/CL_0000988,hematopoietic cell
group 3 innate lymphoid cell,http://purl.obolibrary.org/obo/CL_0001071,http://purl.obolibrary.org/obo/CL_0000988,hematopoietic cell,http://purl.obolibrary.org/obo/CL_0000988,hematopoietic cell
"group 3 innate lymphoid cell, human",http://purl.obolibrary.org/obo/CL_0001078,http://purl.obolibrary.org/obo/CL_0000988,hematopoietic cell,http://purl.obolibrary.org/obo/CL_0000988,hematopoietic cell
"B cell, CD19-positive",http://purl.obolibrary.org/obo/CL_0001201,http://purl.obolibrary.org/obo/CL_0000988,hematopoietic cell,http://purl.obolibrary.org/obo/CL_0000236,B cell
T follicular helper cell,http://purl.obolibrary.org/obo/CL_0002038,http://purl.obolibrary.org/obo/CL_0000988,hematopoietic cell,http://purl.obolibrary.org/obo/CL_0000084,T cell
pulmonary alveolar type 1 cell,http://purl.obolibrary.org/obo/CL_0002062,http://purl.obolibrary.org/obo/CL_0000066,epithelial cell,http://purl.obolibrary.org/obo/CL_0000066,epithelial cell
pulmonary alveolar type 2 cell,http://purl.obolibrary.org/obo/CL_0002063,http://purl.obolibrary.org/obo/CL_0000066,epithelial cell,http://purl.obolibrary.org/obo/CL_0000066,epithelial cell
pancreatic acinar cell,http://purl.obolibrary.org/obo/CL_0002064,http://purl.obolibrary.org/obo/CL_0000066,epithelial cell,http://purl.obolibrary.org/obo/CL_0000152,exocrine cell
Purkinje myocyte,http://purl.obolibrary.org/obo/CL_0002068,http://purl.obolibrary.org/obo/CL_0000187,muscle cell,http://purl.obolibrary.org/obo/CL_0000187,muscle cell
enterocyte of epithelium of large intestine,http://purl.obolibrary.org/obo/CL_0002071,http://purl.obolibrary.org/obo/CL_0000066,epithelial cell,http://purl.obolibrary.org/obo/CL_0000066,epithelial cell
nodal myocyte,http://purl.obolibrary.org/obo/CL_0002072,http://purl.obolibrary.org/obo/CL_0000187,muscle cell,http://purl.obolibrary.org/obo/CL_0000187,muscle cell
brush cell of tracheobronchial tree,http://purl.obolibrary.org/obo/CL_0002075,http://purl.obolibrary.org/obo/CL_0000066,epithelial cell,http://purl.obolibrary.org/obo/CL_0000066,epithelial cell
pancreatic ductal cell,http://purl.obolibrary.org/obo/CL_0002079,http://purl.obolibrary.org/obo/CL_0000066,epithelial cell,http://purl.obolibrary.org/obo/CL_0000066,epithelial cell
interstitial cell of Cajal,http://purl.obolibrary.org/obo/CL_0002088,http://purl.obolibrary.org/obo/CL_0000066,epithelial cell,http://purl.obolibrary.org/obo/CL_0000066,epithelial cell
endothelial cell of lymphatic vessel,http://purl.obolibrary.org/obo/CL_0002138,http://purl.obolibrary.org/obo/CL_0000115,endothelial cell,http://purl.obolibrary.org/obo/CL_0000115,endothelial cell
capillary endothelial cell,http://purl.obolibrary.org/obo/CL_0002144,http://purl.obolibrary.org/obo/CL_0000115,endothelial cell,http://purl.obolibrary.org/obo/CL_0000115,endothelial cell
multiciliated columnar cell of tracheobronchial tree,http://purl.obolibrary.org/obo/CL_0002145,http://purl.obolibrary.org/obo/CL_0000066,epithelial cell,http://purl.obolibrary.org/obo/CL_0000066,epithelial cell
corneocyte,http://purl.obolibrary.org/obo/CL_0002153,http://purl.obolibrary.org/obo/CL_0000000,no mapped parent cell,http://purl.obolibrary.org/obo/CL_0000000,no mapped parent cell
granulocytopoietic cell,http://purl.obolibrary.org/obo/CL_0002191,http://purl.obolibrary.org/obo/CL_0000988,hematopoietic cell,http://purl.obolibrary.org/obo/CL_0000988,hematopoietic cell
renal beta-intercalated cell,http://purl.obolibrary.org/obo/CL_0002201,http://purl.obolibrary.org/obo/CL_0000066,epithelial cell,http://purl.obolibrary.org/obo/CL_0000066,epithelial cell
tuft cell,http://purl.obolibrary.org/obo/CL_0002204,http://purl.obolibrary.org/obo/CL_0000066,epithelial cell,http://purl.obolibrary.org/obo/CL_0000066,epithelial cell
pulmonary interstitial fibroblast,http://purl.obolibrary.org/obo/CL_0002241,http://purl.obolibrary.org/obo/CL_0002320,connective tissue cell,http://purl.obolibrary.org/obo/CL_0000499,stromal cell
epithelial cell of large intestine,http://purl.obolibrary.org/obo/CL_0002253,http://purl.obolibrary.org/obo/CL_0000066,epithelial cell,http://purl.obolibrary.org/obo/CL_0000066,epithelial cell
epithelial cell of small intestine,http://purl.obolibrary.org/obo/CL_0002254,http://purl.obolibrary.org/obo/CL_0000066,epithelial cell,http://purl.obolibrary.org/obo/CL_0000066,epithelial cell
pancreatic PP cell,http://purl.obolibrary.org/obo/CL_0002275,http://purl.obolibrary.org/obo/CL_0000066,epithelial cell,http://purl.obolibrary.org/obo/CL_0000066,epithelial cell
epithelial cell of thymus,http://purl.obolibrary.org/obo/CL_0002293,http://purl.obolibrary.org/obo/CL_0000066,epithelial cell,http://purl.obolibrary.org/obo/CL_0000066,epithelial cell
epithelial cell of distal tubule,http://purl.obolibrary.org/obo/CL_0002305,http://purl.obolibrary.org/obo/CL_0000066,epithelial cell,http://purl.obolibrary.org/obo/CL_0000066,epithelial cell
epithelial cell of proximal tubule,http://purl.obolibrary.org/obo/CL_0002306,http://purl.obolibrary.org/obo/CL_0000066,epithelial cell,http://purl.obolibrary.org/obo/CL_0000066,epithelial cell
bronchial epithelial cell,http://purl.obolibrary.org/obo/CL_0002328,http://purl.obolibrary.org/obo/CL_0000066,epithelial cell,http://purl.obolibrary.org/obo/CL_0000066,epithelial cell
luminal cell of prostate epithelium,http://purl.obolibrary.org/obo/CL_0002340,http://purl.obolibrary.org/obo/CL_0000066,epithelial cell,http://purl.obolibrary.org/obo/CL_0000066,epithelial cell
basal cell of prostate epithelium,http://purl.obolibrary.org/obo/CL_0002341,http://purl.obolibrary.org/obo/CL_0000066,epithelial cell,http://purl.obolibrary.org/obo/CL_0000066,epithelial cell
endocardial cell,http://purl.obolibrary.org/obo/CL_0002350,http://purl.obolibrary.org/obo/CL_0000115,endothelial cell,http://purl.obolibrary.org/obo/CL_0000115,endothelial cell
medullary thymic epithelial cell,http://purl.obolibrary.org/obo/CL_0002365,http://purl.obolibrary.org/obo/CL_0000066,epithelial cell,http://purl.obolibrary.org/obo/CL_0000066,epithelial cell
respiratory tract epithelial cell,http://purl.obolibrary.org/obo/CL_0002368,http://purl.obolibrary.org/obo/CL_0000066,epithelial cell,http://purl.obolibrary.org/obo/CL_0000066,epithelial cell
respiratory tract goblet cell,http://purl.obolibrary.org/obo/CL_0002370,http://purl.obolibrary.org/obo/CL_0000066,epithelial cell,http://purl.obolibrary.org/obo/CL_0000066,epithelial cell
intermediate monocyte,http://purl.obolibrary.org/obo/CL_0002393,http://purl.obolibrary.org/obo/CL_0000988,hematopoietic cell,http://purl.obolibrary.org/obo/CL_0000576,monocyte
CD141-positive myeloid dendritic cell,http://purl.obolibrary.org/obo/CL_0002394,http://purl.obolibrary.org/obo/CL_0000988,hematopoietic cell,http://purl.obolibrary.org/obo/CL_0000451,dendritic cell
"CD14-low, CD16-positive monocyte",http://purl.obolibrary.org/obo/CL_0002396,http://purl.obolibrary.org/obo/CL_0000988,hematopoietic cell,http://purl.obolibrary.org/obo/CL_0000576,monocyte
CD1c-positive myeloid dendritic cell,http://purl.obolibrary.org/obo/CL_0002399,http://purl.obolibrary.org/obo/CL_0000988,hematopoietic cell,http://purl.obolibrary.org/obo/CL_0000451,dendritic cell
pancreatic stellate cell,http://purl.obolibrary.org/obo/CL_0002410,http://purl.obolibrary.org/obo/CL_0002320,connective tissue cell,http://purl.obolibrary.org/obo/CL_0000499,stromal cell
epidermal Langerhans cell,http://purl.obolibrary.org/obo/CL_0002457,http://purl.obolibrary.org/obo/CL_0000988,hematopoietic cell,http://purl.obolibrary.org/obo/CL_0000451,dendritic cell
double negative thymocyte,http://purl.obolibrary.org/obo/CL_0002489,http://purl.obolibrary.org/obo/CL_0000988,hematopoietic cell,http://purl.obolibrary.org/obo/CL_0000084,T cell
vein endothelial cell,http://purl.obolibrary.org/obo/CL_0002543,http://purl.obolibrary.org/obo/CL_0000115,endothelial cell,http://purl.obolibrary.org/obo/CL_0000115,endothelial cell
Schwann cell,http://purl.obolibrary.org/obo/CL_0002573,http://purl.obolibrary.org/obo/CL_0002319,neural cell,http://purl.obolibrary.org/obo/CL_0000125,glial cell
retinal pigment epithelial cell,http://purl.obolibrary.org/obo/CL_0002586,http://purl.obolibrary.org/obo/CL_0000066,epithelial cell,http://purl.obolibrary.org/obo/CL_0000066,epithelial cell
bronchial smooth muscle cell,http://purl.obolibrary.org/obo/CL_0002598,http://purl.obolibrary.org/obo/CL_0000187,muscle cell,http://purl.obolibrary.org/obo/CL_0000187,muscle cell
respiratory basal cell,http://purl.obolibrary.org/obo/CL_0002633,http://purl.obolibrary.org/obo/CL_0000034,stem cell,http://purl.obolibrary.org/obo/CL_0000034,stem cell
naive regulatory T cell,http://purl.obolibrary.org/obo/CL_0002677,http://purl.obolibrary.org/obo/CL_0000988,hematopoietic cell,http://purl.obolibrary.org/obo/CL_0000084,T cell
ionocyte,http://purl.obolibrary.org/obo/CL_0005006,http://purl.obolibrary.org/obo/CL_0000066,epithelial cell,http://purl.obolibrary.org/obo/CL_0000066,epithelial cell
renal alpha-intercalated cell,http://purl.obolibrary.org/obo/CL_0005011,http://purl.obolibrary.org/obo/CL_0000066,epithelial cell,http://purl.obolibrary.org/obo/CL_0000066,epithelial cell
multiciliated epithelial cell,http://purl.obolibrary.org/obo/CL_0005012,http://purl.obolibrary.org/obo/CL_0000066,epithelial cell,http://purl.obolibrary.org/obo/CL_0000066,epithelial cell
pancreatic epsilon cell,http://purl.obolibrary.org/obo/CL_0005019,http://purl.obolibrary.org/obo/CL_0000066,epithelial cell,http://purl.obolibrary.org/obo/CL_0000066,epithelial cell
mesenchymal cell,http://purl.obolibrary.org/obo/CL_0008019,http://purl.obolibrary.org/obo/CL_0000000,no mapped parent cell,http://purl.obolibrary.org/obo/CL_0000000,no mapped parent cell
paneth cell of colon,http://purl.obolibrary.org/obo/CL_0009009,http://purl.obolibrary.org/obo/CL_0000066,epithelial cell,http://purl.obolibrary.org/obo/CL_0000066,epithelial cell
transit amplifying cell,http://purl.obolibrary.org/obo/CL_0009010,http://purl.obolibrary.org/obo/CL_0000000,no mapped parent cell,http://purl.obolibrary.org/obo/CL_0000000,no mapped parent cell
transit amplifying cell of colon,http://purl.obolibrary.org/obo/CL_0009011,http://purl.obolibrary.org/obo/CL_0000066,epithelial cell,http://purl.obolibrary.org/obo/CL_0000066,epithelial cell
intestinal crypt stem cell of large intestine,http://purl.obolibrary.org/obo/CL_0009016,http://purl.obolibrary.org/obo/CL_0000034,stem cell,http://purl.obolibrary.org/obo/CL_0000034,stem cell
tuft cell of small intestine,http://purl.obolibrary.org/obo/CL_0009080,http://purl.obolibrary.org/obo/CL_0000066,epithelial cell,http://purl.obolibrary.org/obo/CL_0000066,epithelial cell
endothelial cell of respiratory system lymphatic vessel,http://purl.obolibrary.org/obo/CL_0009086,http://purl.obolibrary.org/obo/CL_0000115,endothelial cell,http://purl.obolibrary.org/obo/CL_0000115,endothelial cell
lung pericyte,http://purl.obolibrary.org/obo/CL_0009089,http://purl.obolibrary.org/obo/CL_0002320,connective tissue cell,http://purl.obolibrary.org/obo/CL_0002320,connective tissue cell
T cell zone reticular cell,http://purl.obolibrary.org/obo/CL_0009105,http://purl.obolibrary.org/obo/CL_0002320,connective tissue cell,http://purl.obolibrary.org/obo/CL_0000499,stromal cell
progenitor cell,http://purl.obolibrary.org/obo/CL_0011026,http://purl.obolibrary.org/obo/CL_0000000,no mapped parent cell,http://purl.obolibrary.org/obo/CL_0000000,no mapped parent cell
monocyte-derived dendritic cell,http://purl.obolibrary.org/obo/CL_0011031,http://purl.obolibrary.org/obo/CL_0000988,hematopoietic cell,http://purl.obolibrary.org/obo/CL_0000451,dendritic cell
colon epithelial cell,http://purl.obolibrary.org/obo/CL_0011108,http://purl.obolibrary.org/obo/CL_0000066,epithelial cell,http://purl.obolibrary.org/obo/CL_0000066,epithelial cell
pulmonary ionocyte,http://purl.obolibrary.org/obo/CL_0017000,http://purl.obolibrary.org/obo/CL_0000066,epithelial cell,http://purl.obolibrary.org/obo/CL_0000066,epithelial cell
tracheobronchial serous cell,http://purl.obolibrary.org/obo/CL_0019001,http://purl.obolibrary.org/obo/CL_0000000,no mapped parent cell,http://purl.obolibrary.org/obo/CL_0000000,no mapped parent cell
tracheobronchial goblet cell,http://purl.obolibrary.org/obo/CL_0019003,http://purl.obolibrary.org/obo/CL_0000066,epithelial cell,http://purl.obolibrary.org/obo/CL_0000066,epithelial cell
intestine goblet cell,http://purl.obolibrary.org/obo/CL_0019031,http://purl.obolibrary.org/obo/CL_0000066,epithelial cell,http://purl.obolibrary.org/obo/CL_0000066,epithelial cell
intestinal tuft cell,http://purl.obolibrary.org/obo/CL_0019032,http://purl.obolibrary.org/obo/CL_0000066,epithelial cell,http://purl.obolibrary.org/obo/CL_0000066,epithelial cell
pulmonary neuroendocrine cell,http://purl.obolibrary.org/obo/CL_1000223,http://purl.obolibrary.org/obo/CL_0000066,epithelial cell,http://purl.obolibrary.org/obo/CL_0000540,neuron
lung multiciliated epithelial cell,http://purl.obolibrary.org/obo/CL_1000271,http://purl.obolibrary.org/obo/CL_0000066,epithelial cell,http://purl.obolibrary.org/obo/CL_0000066,epithelial cell
bronchial goblet cell,http://purl.obolibrary.org/obo/CL_1000312,http://purl.obolibrary.org/obo/CL_0000066,epithelial cell,http://purl.obolibrary.org/obo/CL_0000066,epithelial cell
large intestine goblet cell,http://purl.obolibrary.org/obo/CL_1000320,http://purl.obolibrary.org/obo/CL_0000066,epithelial cell,http://purl.obolibrary.org/obo/CL_0000066,epithelial cell
serous cell of epithelium of bronchus,http://purl.obolibrary.org/obo/CL_1000331,http://purl.obolibrary.org/obo/CL_0000000,no mapped parent cell,http://purl.obolibrary.org/obo/CL_0000000,no mapped parent cell
paneth cell of epithelium of small intestine,http://purl.obolibrary.org/obo/CL_1000343,http://purl.obolibrary.org/obo/CL_0000066,epithelial cell,http://purl.obolibrary.org/obo/CL_0000066,epithelial cell
endothelial cell of hepatic sinusoid,http://purl.obolibrary.org/obo/CL_1000398,http://purl.obolibrary.org/obo/CL_0000115,endothelial cell,http://purl.obolibrary.org/obo/CL_0000115,endothelial cell
endothelial cell of arteriole,http://purl.obolibrary.org/obo/CL_1000412,http://purl.obolibrary.org/obo/CL_0000115,endothelial cell,http://purl.obolibrary.org/obo/CL_0000115,endothelial cell
endothelial cell of artery,http://purl.obolibrary.org/obo/CL_1000413,http://purl.obolibrary.org/obo/CL_0000115,endothelial cell,http://purl.obolibrary.org/obo/CL_0000115,endothelial cell
endothelial cell of venule,http://purl.obolibrary.org/obo/CL_1000414,http://purl.obolibrary.org/obo/CL_0000115,endothelial cell,http://purl.obolibrary.org/obo/CL_0000115,endothelial cell
parietal epithelial cell,http://purl.obolibrary.org/obo/CL_1000452,http://purl.obolibrary.org/obo/CL_0000066,epithelial cell,http://purl.obolibrary.org/obo/CL_0000066,epithelial cell
melanocyte of skin,http://purl.obolibrary.org/obo/CL_1000458,http://purl.obolibrary.org/obo/CL_0000148,melanocyte,http://purl.obolibrary.org/obo/CL_0000148,melanocyte
cardiac pacemaker cell of sinoatrial node,http://purl.obolibrary.org/obo/CL_1000477,http://purl.obolibrary.org/obo/CL_0000187,muscle cell,http://purl.obolibrary.org/obo/CL_0000187,muscle cell
mesothelial cell of pleura,http://purl.obolibrary.org/obo/CL_1000491,http://purl.obolibrary.org/obo/CL_0000066,epithelial cell,http://purl.obolibrary.org/obo/CL_0000066,epithelial cell
small intestine goblet cell,http://purl.obolibrary.org/obo/CL_1000495,http://purl.obolibrary.org/obo/CL_0000066,epithelial cell,http://purl.obolibrary.org/obo/CL_0000066,epithelial cell
papillary tips cell,http://purl.obolibrary.org/obo/CL_1000597,http://purl.obolibrary.org/obo/CL_0000000,no mapped parent cell,http://purl.obolibrary.org/obo/CL_0000000,no mapped parent cell
kidney interstitial fibroblast,http://purl.obolibrary.org/obo/CL_1000692,http://purl.obolibrary.org/obo/CL_0002320,connective tissue cell,http://purl.obolibrary.org/obo/CL_0000499,stromal cell
kidney cortex collecting duct principal cell,http://purl.obolibrary.org/obo/CL_1000714,http://purl.obolibrary.org/obo/CL_0000066,epithelial cell,http://purl.obolibrary.org/obo/CL_0000066,epithelial cell
kidney cortex collecting duct intercalated cell,http://purl.obolibrary.org/obo/CL_1000715,http://purl.obolibrary.org/obo/CL_0000066,epithelial cell,http://purl.obolibrary.org/obo/CL_0000066,epithelial cell
kidney outer medulla collecting duct principal cell,http://purl.obolibrary.org/obo/CL_1000716,http://purl.obolibrary.org/obo/CL_0000066,epithelial cell,http://purl.obolibrary.org/obo/CL_0000066,epithelial cell
kidney outer medulla collecting duct intercalated cell,http://purl.obolibrary.org/obo/CL_1000717,http://purl.obolibrary.org/obo/CL_0000066,epithelial cell,http://purl.obolibrary.org/obo/CL_0000066,epithelial cell
kidney inner medulla collecting duct principal cell,http://purl.obolibrary.org/obo/CL_1000718,http://purl.obolibrary.org/obo/CL_0000066,epithelial cell,http://purl.obolibrary.org/obo/CL_0000066,epithelial cell
kidney connecting tubule epithelial cell,http://purl.obolibrary.org/obo/CL_1000768,http://purl.obolibrary.org/obo/CL_0000066,epithelial cell,http://purl.obolibrary.org/obo/CL_0000066,epithelial cell
macula densa epithelial cell,http://purl.obolibrary.org/obo/CL_1000850,http://purl.obolibrary.org/obo/CL_0000066,epithelial cell,http://purl.obolibrary.org/obo/CL_0000066,epithelial cell
kidney loop of Henle epithelial cell,http://purl.obolibrary.org/obo/CL_1000909,http://purl.obolibrary.org/obo/CL_0000066,epithelial cell,http://purl.obolibrary.org/obo/CL_0000066,epithelial cell
glomerular capillary endothelial cell,http://purl.obolibrary.org/obo/CL_1001005,http://purl.obolibrary.org/obo/CL_0000115,endothelial cell,http://purl.obolibrary.org/obo/CL_0000115,endothelial cell
peritubular capillary endothelial cell,http://purl.obolibrary.org/obo/CL_1001033,http://purl.obolibrary.org/obo/CL_0000115,endothelial cell,http://purl.obolibrary.org/obo/CL_0000115,endothelial cell
kidney loop of Henle thin ascending limb epithelial cell,http://purl.obolibrary.org/obo/CL_1001107,http://purl.obolibrary.org/obo/CL_0000066,epithelial cell,http://purl.obolibrary.org/obo/CL_0000066,epithelial cell
kidney loop of Henle medullary thick ascending limb epithelial cell,http://purl.obolibrary.org/obo/CL_1001108,http://purl.obolibrary.org/obo/CL_0000066,epithelial cell,http://purl.obolibrary.org/obo/CL_0000066,epithelial cell
kidney loop of Henle cortical thick ascending limb epithelial cell,http://purl.obolibrary.org/obo/CL_1001109,http://purl.obolibrary.org/obo/CL_0000066,epithelial cell,http://purl.obolibrary.org/obo/CL_0000066,epithelial cell
vasa recta ascending limb cell,http://purl.obolibrary.org/obo/CL_1001131,http://purl.obolibrary.org/obo/CL_0000115,endothelial cell,http://purl.obolibrary.org/obo/CL_0000115,endothelial cell
vasa recta descending limb cell,http://purl.obolibrary.org/obo/CL_1001285,http://purl.obolibrary.org/obo/CL_0000115,endothelial cell,http://purl.obolibrary.org/obo/CL_0000115,endothelial cell
renal interstitial pericyte,http://purl.obolibrary.org/obo/CL_1001318,http://purl.obolibrary.org/obo/CL_0002320,connective tissue cell,http://purl.obolibrary.org/obo/CL_0002320,connective tissue cell
bladder urothelial cell,http://purl.obolibrary.org/obo/CL_1001428,http://purl.obolibrary.org/obo/CL_0000066,epithelial cell,http://purl.obolibrary.org/obo/CL_0000066,epithelial cell
pulmonary artery endothelial cell,http://purl.obolibrary.org/obo/CL_1001568,http://purl.obolibrary.org/obo/CL_0000115,endothelial cell,http://purl.obolibrary.org/obo/CL_0000115,endothelial cell
lung macrophage,http://purl.obolibrary.org/obo/CL_1001603,http://purl.obolibrary.org/obo/CL_0000988,hematopoietic cell,http://purl.obolibrary.org/obo/CL_0000235,macrophage
microvascular endothelial cell,http://purl.obolibrary.org/obo/CL_2000008,http://purl.obolibrary.org/obo/CL_0000115,endothelial cell,http://purl.obolibrary.org/obo/CL_0000115,endothelial cell
lung microvascular endothelial cell,http://purl.obolibrary.org/obo/CL_2000016,http://purl.obolibrary.org/obo/CL_0000115,endothelial cell,http://purl.obolibrary.org/obo/CL_0000115,endothelial cell
Hofbauer cell,http://purl.obolibrary.org/obo/CL_3000001,http://purl.obolibrary.org/obo/CL_0000988,hematopoietic cell,http://purl.obolibrary.org/obo/CL_0000235,macrophage
VIP GABAergic cortical interneuron,http://purl.obolibrary.org/obo/CL_4023016,http://purl.obolibrary.org/obo/CL_0002319,neural cell,http://purl.obolibrary.org/obo/CL_0000540,neuron
sst GABAergic cortical interneuron,http://purl.obolibrary.org/obo/CL_4023017,http://purl.obolibrary.org/obo/CL_0002319,neural cell,http://purl.obolibrary.org/obo/CL_0000540,neuron
direct pathway medium spiny neuron,http://purl.obolibrary.org/obo/CL_4023026,http://purl.obolibrary.org/obo/CL_0002319,neural cell,http://purl.obolibrary.org/obo/CL_0000540,neuron
amygdala excitatory neuron,http://purl.obolibrary.org/obo/CL_4023039,http://purl.obolibrary.org/obo/CL_0002319,neural cell,http://purl.obolibrary.org/obo/CL_0000540,neuron
mesothelial fibroblast,http://purl.obolibrary.org/obo/CL_4023054,http://purl.obolibrary.org/obo/CL_0002320,connective tissue cell,http://purl.obolibrary.org/obo/CL_0000499,stromal cell
caudal ganglionic eminence derived cortical interneuron,http://purl.obolibrary.org/obo/CL_4023064,http://purl.obolibrary.org/obo/CL_0002319,neural cell,http://purl.obolibrary.org/obo/CL_0000540,neuron
thalamic excitatory neuron,http://purl.obolibrary.org/obo/CL_4023068,http://purl.obolibrary.org/obo/CL_0002319,neural cell,http://purl.obolibrary.org/obo/CL_0000540,neuron
mammillary body neuron,http://purl.obolibrary.org/obo/CL_4023074,http://purl.obolibrary.org/obo/CL_0002319,neural cell,http://purl.obolibrary.org/obo/CL_0000540,neuron
midbrain-derived inhibitory neuron,http://purl.obolibrary.org/obo/CL_4023079,http://purl.obolibrary.org/obo/CL_0002319,neural cell,http://purl.obolibrary.org/obo/CL_0000540,neuron
alveolar capillary type 1 endothelial cell,http://purl.obolibrary.org/obo/CL_4028002,http://purl.obolibrary.org/obo/CL_0000115,endothelial cell,http://purl.obolibrary.org/obo/CL_0000115,endothelial cell
alveolar capillary type 2 endothelial cell,http://purl.obolibrary.org/obo/CL_4028003,http://purl.obolibrary.org/obo/CL_0000115,endothelial cell,http://purl.obolibrary.org/obo/CL_0000115,endothelial cell
alveolar type 1 fibroblast cell,http://purl.obolibrary.org/obo/CL_4028004,http://purl.obolibrary.org/obo/CL_0002320,connective tissue cell,http://purl.obolibrary.org/obo/CL_0000499,stromal cell
alveolar adventitial fibroblast,http://purl.obolibrary.org/obo/CL_4028006,http://purl.obolibrary.org/obo/CL_0002320,connective tissue cell,http://purl.obolibrary.org/obo/CL_0000499,stromal cell
epithelial cell of proximal tubule segment 1,http://purl.obolibrary.org/obo/CL_4030009,http://purl.obolibrary.org/obo/CL_0000066,epithelial cell,http://purl.obolibrary.org/obo/CL_0000066,epithelial cell
epithelial cell of proximal tubule segment 2,http://purl.obolibrary.org/obo/CL_4030010,http://purl.obolibrary.org/obo/CL_0000066,epithelial cell,http://purl.obolibrary.org/obo/CL_0000066,epithelial cell
epithelial cell of proximal tubule segment 3,http://purl.obolibrary.org/obo/CL_4030011,http://purl.obolibrary.org/obo/CL_0000066,epithelial cell,http://purl.obolibrary.org/obo/CL_0000066,epithelial cell
kidney loop of Henle short descending thin limb epithelial cell,http://purl.obolibrary.org/obo/CL_4030012,http://purl.obolibrary.org/obo/CL_0000066,epithelial cell,http://purl.obolibrary.org/obo/CL_0000066,epithelial cell
kidney loop of Henle long descending thin limb outer medulla epithelial cell,http://purl.obolibrary.org/obo/CL_4030013,http://purl.obolibrary.org/obo/CL_0000066,epithelial cell,http://purl.obolibrary.org/obo/CL_0000066,epithelial cell
kidney loop of Henle long descending thin limb inner medulla epithelial cell,http://purl.obolibrary.org/obo/CL_4030014,http://purl.obolibrary.org/obo/CL_0000066,epithelial cell,http://purl.obolibrary.org/obo/CL_0000066,epithelial cell
epithelial cell of early distal convoluted tubule,http://purl.obolibrary.org/obo/CL_4030016,http://purl.obolibrary.org/obo/CL_0000066,epithelial cell,http://purl.obolibrary.org/obo/CL_0000066,epithelial cell
epithelial cell of late distal convoluted tubule,http://purl.obolibrary.org/obo/CL_4030017,http://purl.obolibrary.org/obo/CL_0000066,epithelial cell,http://purl.obolibrary.org/obo/CL_0000066,epithelial cell
kidney connecting tubule principal cell,http://purl.obolibrary.org/obo/CL_4030018,http://purl.obolibrary.org/obo/CL_0000066,epithelial cell,http://purl.obolibrary.org/obo/CL_0000066,epithelial cell
kidney connecting tubule alpha-intercalated cell,http://purl.obolibrary.org/obo/CL_4030020,http://purl.obolibrary.org/obo/CL_0000066,epithelial cell,http://purl.obolibrary.org/obo/CL_0000066,epithelial cell
renal medullary fibroblast,http://purl.obolibrary.org/obo/CL_4030022,http://purl.obolibrary.org/obo/CL_0002320,connective tissue cell,http://purl.obolibrary.org/obo/CL_0000499,stromal cell
serous secreting cell of bronchus submucosal gland,http://purl.obolibrary.org/obo/CL_4033005,http://purl.obolibrary.org/obo/CL_0000000,no mapped parent cell,http://purl.obolibrary.org/obo/CL_0000152,exocrine cell
vein endothelial cell of respiratory system,http://purl.obolibrary.org/obo/CL_4033008,http://purl.obolibrary.org/obo/CL_0000115,endothelial cell,http://purl.obolibrary.org/obo/CL_0000115,endothelial cell
mucus secreting cell of bronchus submucosal gland,http://purl.obolibrary.org/obo/CL_4033022,http://purl.obolibrary.org/obo/CL_0000066,epithelial cell,http://purl.obolibrary.org/obo/CL_0000152,exocrine cell
airway submucosal gland collecting duct epithelial cell,http://purl.obolibrary.org/obo/CL_4033023,http://purl.obolibrary.org/obo/CL_0000066,epithelial cell,http://purl.obolibrary.org/obo/CL_0000066,epithelial cell
CCL3-positive alveolar macrophage,http://purl.obolibrary.org/obo/CL_4033041,http://purl.obolibrary.org/obo/CL_0000988,hematopoietic cell,http://purl.obolibrary.org/obo/CL_0000235,macrophage
metallothionein-positive alveolar macrophage,http://purl.obolibrary.org/obo/CL_4033042,http://purl.obolibrary.org/obo/CL_0000988,hematopoietic cell,http://purl.obolibrary.org/obo/CL_0000235,macrophage
lung interstitial macrophage,http://purl.obolibrary.org/obo/CL_4033043,http://purl.obolibrary.org/obo/CL_0002320,connective tissue cell,http://purl.obolibrary.org/obo/CL_0000235,macrophage
deuterosomal cell,http://purl.obolibrary.org/obo/CL_4033044,http://purl.obolibrary.org/obo/CL_0000066,epithelial cell,http://purl.obolibrary.org/obo/CL_0000066,epithelial cell
lung migratory dendritic cell,http://purl.obolibrary.org/obo/CL_4033045,http://purl.obolibrary.org/obo/CL_0000988,hematopoietic cell,http://purl.obolibrary.org/obo/CL_0000451,dendritic cell
respiratory tract suprabasal cell,http://purl.obolibrary.org/obo/CL_4033048,http://purl.obolibrary.org/obo/CL_0000066,epithelial cell,http://purl.obolibrary.org/obo/CL_0000066,epithelial cell
perivascular cell,http://purl.obolibrary.org/obo/CL_4033054,http://purl.obolibrary.org/obo/CL_0000000,no mapped parent cell,http://purl.obolibrary.org/obo/CL_0000000,no mapped parent cell
cycling macrophage,http://purl.obolibrary.org/obo/CL_4033076,http://purl.obolibrary.org/obo/CL_0000988,hematopoietic cell,http://purl.obolibrary.org/obo/CL_0000235,macrophage
cycling alveolar macrophage,http://purl.obolibrary.org/obo/CL_4033077,http://purl.obolibrary.org/obo/CL_0000988,hematopoietic cell,http://purl.obolibrary.org/obo/CL_0000235,macrophage
cycling mononuclear phagocyte,http://purl.obolibrary.org/obo/CL_4033078,http://purl.obolibrary.org/obo/CL_0000988,hematopoietic cell,http://purl.obolibrary.org/obo/CL_0000988,hematopoietic cell
cycling myeloid cell,http://purl.obolibrary.org/obo/CL_4033081,http://purl.obolibrary.org/obo/CL_0000988,hematopoietic cell,http://purl.obolibrary.org/obo/CL_0000988,hematopoietic cell
transit amplifying cell of gut,http://purl.obolibrary.org/obo/CL_4047017,http://purl.obolibrary.org/obo/CL_0000066,epithelial cell,http://purl.obolibrary.org/obo/CL_0000066,epithelial cell
