graph,triples
https://purl.humanatlas.io/collection/hra,2194873
https://purl.humanatlas.io/collection/hra-api,2105160
https://purl.humanatlas.io/ds-graph/hra-pop-full,749742
https://purl.humanatlas.io/graph/ctann-crosswalks,20185
https://purl.humanatlas.io/graph/hra-pop,3874554
https://purl.humanatlas.io/graph/hra-pop#as-as-sims,667134
https://purl.humanatlas.io/graph/hra-pop#distances,13348944
https://purl.humanatlas.io/graph/hra-pop#similarities,120561228
https://purl.humanatlas.io/graph/hra-pop#similarities-local,120371499
https://purl.humanatlas.io/graph/hra-pop#test-data,49111557
https://purl.humanatlas.io/vocab/cl,123861
